Original ID,Master Question,Category,Ground Truth,Answer,Source,has_ground_truth,source_relation
26,CNTT Khóa 49 đóng bao nhiêu cho mỗi tín chỉ thuộc phần đại cương chung?,actual_tuition,"Chương trình đào tạo chuẩn, đối với khóa 51 trở về trước: ""Mức học phí khối kiến thức đại cương chung"" là 695.000 đồng/tín chỉ. Chương trình chất lượng cao: ""Mức học phí của khối kiến thức đại cương chung (tất cả các ngành)"" tại K49 là 441.000 đồng/tín chỉ.",Chương trình chuẩn: 695.000 đồng/tín chỉ; chương trình chất lượng cao: 441.000 đồng/tín chỉ.,MucHocPhi_QuyDinhChung.md,True,single
27,"Với Khóa 52 hệ đại trà, mỗi tín chỉ của phần đại cương chung được tính bao nhiêu?",actual_tuition,"""Mức học phí của khối kiến thức đại cương chung (tất cả các ngành)"" đối với K52 là 695.000 đồng/tín chỉ.",Mức học phí là 695.000 đồng/tín chỉ,MucHocPhi_DaiHocChinhQuy_Khoa52.md; MucHocPhi_QuyDinhChung.md,True,all_required
28,Nếu sinh viên Khóa 52 phải học lại sau thời gian chuẩn của chương trình thì học phí được tính theo hệ số nào?,actual_tuition,"Học ngoài thời gian thiết kế của chương trình đào tạo ngành thứ nhất: Là mức học phí áp dụng cho Khóa 52 nhân với hệ số 1,3.","Bị nhân với hệ số 1,3",MucHocPhi_QuyDinhChung.md; MucHocPhi_DaiHocChinhQuy_Khoa52.md,True,all_required
29,Sinh viên Khóa 51 học lại sau thời gian đào tạo thiết kế sẽ bị tính học phí gấp mấy lần?,actual_tuition,"Học ngoài thời gian thiết kế của chương trình đào tạo ngành thứ nhất: Là mức học phí mục a hoặc mục b nhân với hệ số 1,3.","Bị nhân với hệ số 1,3",MucHocPhi_QuyDinhChung.md,True,single
30,Sư phạm Toán K51 trở về trước: mỗi tín chỉ đóng ở mức nào?,actual_tuition,"Mức học phí/tín chỉ khối kiến thức đại cương ngành, cơ sở ngành, chuyên ngành đại học chính quy chương trình đào tạo chuẩn, áp dụng cho Khóa 51 về trước: Sư phạm Toán học — Mức HP 26-27/TC: 695.000.",Mức học phí là 695.000 đồng/tín chỉ,MucHocPhi_DaiHocChinhQuy_Khoa51_VeTruoc.md,True,single
31,Một tín chỉ của ngành Sư phạm Toán học Khóa 52 được tính học phí bao nhiêu?,actual_tuition,"K52: Sư phạm Toán học — 109,5 Trđ/khóa; 807.000 đồng/tín chỉ.",Mức học phí là 807.000 đồng/tín chỉ,MucHocPhi_DaiHocChinhQuy_Khoa52.md,True,single
32,Quản trị kinh doanh hệ đại trà Khóa 52 dự kiến đóng tổng học phí cho cả khóa bao nhiêu?,actual_tuition,"K52: Quản trị kinh doanh — 114,5 Trđ/khóa; 844.000 đồng/tín chỉ.","Học phí toàn khóa là 114,5 triệu đồng",MucHocPhi_DaiHocChinhQuy_Khoa52.md,True,single
33,Sinh viên Khoa học máy tính Khóa 52 đóng bao nhiêu cho mỗi tín chỉ?,actual_tuition,"K52: Khoa học máy tính — 150,3 Trđ/khóa; 966.000 đồng/tín chỉ.",Mức học phí là 966.000 đồng/tín chỉ,MucHocPhi_DaiHocChinhQuy_Khoa52.md,True,single
34,Tổng học phí toàn khóa của ngành Kiến trúc hệ đại trà Khóa 52 là bao nhiêu?,actual_tuition,"K52: Kiến trúc — 165,6 Trđ/khóa; 1.016.000 đồng/tín chỉ.","Học phí toàn khóa là 165,6 triệu đồng",MucHocPhi_DaiHocChinhQuy_Khoa52.md,True,single
35,CNTT CLC K52 thu học phí cố định theo năm ở mức nào?,actual_tuition,"Học phí cố định theo khóa học (triệu đồng/năm học) — Chương trình chất lượng cao — Công nghệ thông tin — K52: 44,0.",Học phí là 44 triệu đồng/năm học,MucHocPhi_ChatLuongCao_TienTien.md,True,single
36,Kinh doanh quốc tế CLC K51: học phí tính theo năm ở mức bao nhiêu?,actual_tuition,Học phí cố định theo khóa học (triệu đồng/năm học) — Chương trình chất lượng cao — Kinh doanh quốc tế — K51: 40.,Học phí là 40 triệu đồng/năm học,MucHocPhi_ChatLuongCao_TienTien.md,True,single
37,Môn Năng lực số áp dụng cho Khóa 51 trở về trước được tính học phí ở mức nào?,actual_tuition,Mức học phí khối kiến thức đại cương chung — Năng lực số — Số tín chỉ: 3; Mức học phí một tín chỉ: 695.000.,Là 695.000 đồng/tín chỉ,MucHocPhi_QuyDinhChung.md,True,single
38,Một tín chỉ chuyên ngành của sinh viên Kế toán Khóa 51 có mức học phí bao nhiêu?,actual_tuition,áp dụng cho Khóa 51 về trước: Kế toán — Mức HP 26-27/TC: 727.000.,Mức học phí là 727.000 đồng/tín chỉ,MucHocPhi_DaiHocChinhQuy_Khoa51_VeTruoc.md,True,single
39,Kinh doanh nông nghiệp - Hòa An K52: mỗi tín chỉ phải đóng khoảng bao nhiêu?,actual_tuition,"K52: Kinh doanh nông nghiệp - Hòa An — 114,5 Trđ/khóa; 844.000 đồng/tín chỉ.",Học phí là 844.000 đồng/tín chỉ,MucHocPhi_DaiHocChinhQuy_Khoa52.md,True,single
76,"Ở học kỳ đầu của K51, học bổng khuyến khích học tập tính bình quân ở mức nào?",scholarship,"Định mức bình quân học bổng khuyến khích học tập của học kỳ đầu tiên Khóa 51 (áp dụng cho sinh viên của tất cả các chương trình: đại trà, tiên tiến, chất lượng cao) là 5.000.000 đồng/sinh viên/học kỳ.",Mức học bổng bình quân là 5.000.000 đồng/sinh viên/học kỳ,Tài liệu phân bổ quỹ học bổng.md; HB_K51_2026.md,True,any_valid
77,Tân sinh viên K51 thuộc diện tuyển thẳng được hưởng học bổng khuyến khích học tập kỳ đầu ở mức nào?,scholarship,"Sinh viên diện tuyển thẳng, ưu tiên xét tuyển Khóa 51 được hưởng mức học bổng khuyến khích học tập là 6.000.000 đồng/học kỳ trong học kỳ đầu tiên.",Mức hưởng học bổng là 6.000.000 đồng/học kỳ,Tài liệu phân bổ quỹ học bổng.md,True,single
78,Điểm rèn luyện nằm trong khoảng từ 80 đến dưới 90 được xếp vào mức nào?,scholarship,Được phân loại Tốt,Được phân loại Tốt,Tài liệu phân bổ quỹ học bổng.md,True,single
79,Sinh viên khối VI - Sức khỏe đạt mức Xuất sắc thì nhận học bổng bao nhiêu?,scholarship,Mức học bổng loại Xuất sắc là 10.560.000 đồng/học kỳ,Mức học bổng loại Xuất sắc là 10.560.000 đồng/học kỳ,Tài liệu phân bổ quỹ học bổng.md,True,single
80,"Ở khối III (Kinh doanh, quản lý và pháp luật), học bổng mức Khá có giá trị bao nhiêu?",scholarship,Mức học bổng loại Khá là 6.600.000 đồng/học kỳ,Mức học bổng loại Khá là 6.600.000 đồng/học kỳ,Tài liệu phân bổ quỹ học bổng.md,True,single
81,Sinh viên chất lượng cao Khóa 51 nếu đạt loại Giỏi thì mức học bổng là bao nhiêu?,scholarship,Sẽ nhận được mức học bổng là 13.600.000 đồng/học kỳ,Sẽ nhận được mức học bổng là 13.600.000 đồng/học kỳ,Tài liệu phân bổ quỹ học bổng.md,True,single
82,Một suất Vallet hỗ trợ sinh viên với số tiền bao nhiêu?,scholarship,Giá trị mỗi suất học bổng Vallet dành cho sinh viên hay học viên cao học là 34.000.000 đồng.,Mỗi suất học bổng trị giá 34.000.000 đồng,HB_Vallet_Chi_Tiet.md; HB_Vallet.md,True,any_valid
83,Xét học bổng Vallet theo thang 4 thì điểm trung bình tích lũy tối thiểu cần bao nhiêu?,scholarship,"Cần đạt điểm trung bình từ 3,0 trở lên trong các học kỳ chính khóa","Cần đạt điểm trung bình từ 3,0 trở lên trong các học kỳ chính khóa",HB_Vallet_Chi_Tiet.md,True,single
84,Có công bố bài báo nghiên cứu khoa học thì hồ sơ Vallet có được ưu tiên không?,scholarship,"Có, các công trình nghiên cứu khoa học được xem xét ưu tiên khi tuyển chọn","Có, các công trình nghiên cứu khoa học được xem xét ưu tiên khi tuyển chọn",HB_Vallet_Chi_Tiet.md,True,single
85,Học bổng Panasonic trao bao nhiêu tiền cho mỗi suất?,scholarship,Mỗi suất trị giá 30.000.000 đồng/năm học,Mỗi suất trị giá 30.000.000 đồng/năm học,HB_Panasonic.md,True,single
86,"Với hoàn cảnh gia đình khó khăn, sinh viên cần GPA hệ 4 tối thiểu bao nhiêu để nộp hồ sơ Panasonic?",scholarship,"Yêu cầu đạt điểm trung bình từ 2,5 trở lên (theo thang điểm 4)","Yêu cầu đạt điểm trung bình từ 2,5 trở lên (theo thang điểm 4)",HB_Panasonic.md,True,single
87,Chương trình SCC dự kiến trao tổng cộng bao nhiêu suất học bổng?,scholarship,Học bổng có tất cả 10 suất,Học bổng có tất cả 10 suất,HB_SCC.md,True,single
88,Mỗi học bổng SCC có giá trị bao nhiêu?,scholarship,Mỗi suất trị giá 10.000.000 đồng,Mỗi suất trị giá 10.000.000 đồng,HB_SCC.md,True,single
89,Muốn xét học bổng SCC thì kết quả học tập phải đạt mức nào?,scholarship,Sinh viên phải đạt Điểm trung bình tích lũy từ 3.2 trở lên,Sinh viên phải đạt Điểm trung bình tích lũy từ 3.2 trở lên,HB_SCC.md,True,single
Q023,"Chương trình được thiết kế trong 4,5 năm thì sinh viên được phép kéo dài tối đa đến bao lâu để hoàn tất?",academic_rules,"Sinh viên theo học chương trình đào tạo có thời gian thiết kế 4,5 năm được học tập tối đa 9 năm để hoàn thành chương trình.","Thời gian học tập tối đa để hoàn thành chương trình đào tạo có thời gian thiết kế 4,5 năm là 9 năm.",quychehocvu.md,True,single
Q032,Một môn học có thể gồm những loại điểm thành phần nào?,academic_rules,"Việc đánh giá học phần thường gồm các thành phần điểm như điểm chuyên cần/quá trình, điểm giữa kỳ và điểm cuối kỳ, với trọng số được quy định trong đề cương chi tiết học phần, theo Điều 21 của Quy định công tác học vụ.","Đối với học phần lý thuyết hoặc học phần lý thuyết kết hợp thực hành, điểm học phần được đánh giá qua tối thiểu hai điểm thành phần, bao gồm: điểm bài tập, điểm kiểm tra giữa kỳ, điểm thực hành, điểm đánh giá nhận thức, điểm tham gia thảo luận, điểm chuyên cần, điểm đồ án,... và điểm thi kết thúc học phần.

Đối với học phần thực hành, điểm học phần được tính bằng điểm trung bình của các bài thực hành.

Ngoài ra, đối với các học phần có khối lượng nhỏ hơn 02 tín chỉ, có thể chỉ có điểm của một loại hình đánh giá. Phương pháp đánh giá cụ thể cho từng học phần sẽ được công bố trong đề cương chi tiết học phần.",quychehocvu.md,True,single
Q034,Nhà trường căn cứ vào những yếu tố nào để xác định hạng tốt nghiệp?,academic_rules,"Hạng tốt nghiệp (Xuất sắc, Giỏi, Khá, Trung bình...) được xếp chủ yếu dựa trên điểm trung bình chung tích lũy toàn khóa, có thể bị điều chỉnh giảm một mức nếu sinh viên bị kỷ luật hoặc thi lại/học lại quá số lần quy định, theo Điều 34 của Quy định công tác học vụ.","Hạng tốt nghiệp của sinh viên được xác định căn cứ vào điểm trung bình chung tích lũy (ĐTBCTL) theo các mức cụ thể như sau:

*   **Loại xuất sắc:** từ 3,60 đến 4,00.
*   **Loại giỏi:** từ 3,20 đến 3,59.
*   **Loại khá:** từ 2,50 đến 3,19.
*   **Loại trung bình:** từ 2,00 đến 2,49.

Ngoài ra, hạng tốt nghiệp loại xuất sắc và loại giỏi sẽ bị giảm một mức nếu sinh viên thuộc một trong các trường hợp sau:
1. Có khối lượng các học phần bị điểm F vượt quá 5% so với tổng số tín chỉ quy định của chương trình đào tạo (không tính khối lượng học phần học cải thiện điểm bị điểm F).
2. Đã bị kỷ luật từ mức cảnh cáo cấp Trường trở lên trong thời gian học.",quychehocvu.md,True,single
Q050,Kết quả học lực của sinh viên được chia thành các mức xếp loại nào?,academic_rules,"Xếp loại học lực của sinh viên được chia theo các mức dựa trên điểm trung bình chung, ví dụ: Xuất sắc, Giỏi, Khá, Trung bình, Yếu, Kém, theo quy định tại Điều 26 của Quy định công tác học vụ.","Xếp loại học lực của sinh viên được chia thành các mức sau:

*   **Loại xuất sắc:** Điểm trung bình chung học kỳ (ĐTBCHK) hoặc điểm trung bình chung năm học (ĐTBCNH) đạt từ 3,60 đến 4,00.
*   **Loại giỏi:** ĐTBCHK/ĐTBCNH đạt từ 3,20 đến 3,59.
*   **Loại khá:** ĐTBCHK/ĐTBCNH đạt từ 2,50 đến 3,19.
*   **Loại trung bình:** ĐTBCHK/ĐTBCNH đạt từ 2,00 đến 2,49.
*   **Loại yếu:** ĐTBCHK/ĐTBCNH đạt từ 1,00 đến 1,99.
*   **Loại kém:** ĐTBCHK/ĐTBCNH đạt dưới 1,00.",quychehocvu.md,True,single
Q076,Vi phạm trong thi hoặc kiểm tra thì sinh viên có thể bị áp dụng những mức xử lý nào?,academic_rules,"Tùy mức độ vi phạm, sinh viên vi phạm quy định về thi và kiểm tra có thể bị khiển trách, cảnh cáo, đình chỉ thi/học phần, hoặc hình thức kỷ luật nặng hơn theo quy định tại Điều 28 của Quy định công tác học vụ.","Sinh viên vi phạm các quy định về thi và kiểm tra có thể bị xử lý bằng các hình thức kỷ luật sau đây:

1. **Khiển trách:** Áp dụng đối với các lỗi như nhìn bài của người khác hoặc trao đổi, thảo luận với người khác. Sinh viên bị khiển trách sẽ bị trừ 25% điểm số của lần thi/kiểm tra đó. Nếu bị khiển trách 2 lần trong một năm học, sinh viên sẽ bị kỷ luật cảnh cáo toàn đơn vị đào tạo.

2. **Cảnh cáo:** Áp dụng đối với các lỗi như đã bị khiển trách một lần nhưng vẫn tiếp tục vi phạm trong cùng buổi thi; trao đổi giấy nháp; chép bài hoặc để người khác chép bài; không chấp hành sự quản lý hoặc có thái độ thiếu tôn trọng cán bộ coi thi. Sinh viên bị cảnh cáo sẽ bị trừ 50% điểm số của lần thi/kiểm tra đó. Nếu bị cảnh cáo 2 lần trong một năm học, sinh viên sẽ bị kỷ luật cảnh cáo toàn Trường.

3. **Đình chỉ thi:** Áp dụng đối với các lỗi như đã bị cảnh cáo một lần nhưng vẫn tiếp tục vi phạm; mang vật dụng không được phép vào phòng thi; sử dụng giấy nháp hoặc bài làm của người khác; đưa đề thi ra ngoài hoặc nhận bài giải từ ngoài vào; có hành động gây rối hoặc đe dọa cán bộ coi thi/sinh viên khác. Sinh viên bị đình chỉ thi sẽ nhận điểm 0 cho lần thi/kiểm tra đó. Nếu bị đình chỉ thi 2 lần trong một năm học, sinh viên sẽ bị đình chỉ học tập 1 năm; nếu tái phạm sẽ bị buộc thôi học.

4. **Xử lý thi hộ:** Áp dụng cho cả người thi hộ và người nhờ thi hộ.
   - Vi phạm lần thứ nhất: Người nhờ thi hộ nhận điểm 0 học phần đó và bị đình chỉ học tập 1 năm; người thi hộ bị đình chỉ học tập 1 năm.
   - Vi phạm lần thứ hai (trong cả khóa học): Buộc thôi học.

Ngoài ra, tùy theo mức độ vi phạm, các trường hợp khác sẽ do Hội đồng kỷ luật của Trường xem xét và quyết định hình thức xử lý cụ thể.",quychehocvu.md,True,single
R11,Diện xét tuyển thẳng phải trải qua giai đoạn học bổ sung kiến thức trong thời gian bao lâu?,academic_rules,"1. Học sinh được xét tuyển thẳng phải học bổ sung kiến thức một năm. Năm học bao gồm 2 học kỳ (gồm học kỳ I và học kỳ II). Mỗi học kỳ, học sinh phải học 4 môn học như sau:",Học sinh được xét tuyển thẳng phải học bổ sung kiến thức trong thời gian một năm (gồm học kỳ I và học kỳ II).,2020_QD2734_quy-dinh-to-chuc-boi-duong-XTT2020_llp.md,True,single
R12,Chương trình bổ sung kiến thức cho học sinh xét tuyển thẳng gồm bao nhiêu tín chỉ?,academic_rules,"Chương trình học gồm 4 môn học (Toán học, Ngữ văn, Tiếng Anh, Tin học), tổng cộng 600 tiết (300 tiết lý thuyết, 300 tiết thực hành) tương ứng với 40 tín chỉ.","Chương trình học gồm 4 môn học (Toán học, Ngữ văn, Tiếng Anh, Tin học), tổng cộng 600 tiết (300 tiết lý thuyết, 300 tiết thực hành), tương ứng với 40 tín chỉ.",2020_QD2734_quy-dinh-to-chuc-boi-duong-XTT2020_llp.md,True,single
R13,Vắng quá 20% số tiết của môn học thì còn được dự thi cuối kỳ không?,academic_rules,b) Tổng số thời gian nghỉ học có lý do và không có lý do vượt quá 20% số tiết ở môn học nào thì không được dự thi môn học đó trong học kỳ.,"Không, học sinh nghỉ quá 20% số tiết ở môn học nào (kể cả có lý do và không có lý do) thì không được dự thi môn học đó trong học kỳ.",2020_QD2734_quy-dinh-to-chuc-boi-duong-XTT2020_llp.md,True,single
R14,"Với học sinh xét tuyển thẳng, điểm tổng kết môn được ghép từ điểm kiểm tra và điểm thi theo tỷ trọng nào?",academic_rules,"1. Cuối năm học, mỗi môn học có một điểm tổng kết. Điểm tổng kết môn học là điểm trung bình chung của 2 lần kiểm tra (hệ số 1) và 2 lần thi (hệ số 2).",Điểm tổng kết môn học là điểm trung bình chung của 2 lần kiểm tra (hệ số 1) và 2 lần thi (hệ số 2).,2020_QD2734_quy-dinh-to-chuc-boi-duong-XTT2020_llp.md,True,single
R15,Điều kiện để học sinh sau năm bổ sung kiến thức được xét tuyển vào đại học là gì?,academic_rules,"a) Thi đủ 4 môn cuối mỗi học kỳ;
b) Điểm trung bình chung năm học đạt từ **5,0 điểm** trở lên và Điểm tổng kết môn học đạt trên **1,0 điểm**.
c) Xếp loại rèn luyện cả năm đạt từ **Khá** trở lên.","Điều kiện để được xét tuyển vào đại học là: thi đủ 4 môn cuối mỗi học kỳ; điểm trung bình chung năm học đạt từ 5,0 điểm trở lên và điểm tổng kết môn học đạt trên 1,0 điểm; xếp loại rèn luyện cả năm đạt từ Khá trở lên.",2020_QD2734_quy-dinh-to-chuc-boi-duong-XTT2020_llp.md,True,single
R21,CTU áp dụng mô hình ba học kỳ chính kể từ thời điểm nào?,academic_rules,"Nhằm giúp người học có thể rút ngắn thời gian học tập, hỗ trợ sinh viên ra trường đúng tiến độ, khai thác hiệu quả quỹ phòng học cho hoạt động giảng dạy và học tập và đảm bảo giờ nghĩa vụ của giảng viên, ngày 05 tháng 7 năm 2024, Hội đồng trường Trường Đại học Cần Thơ (ĐHCT) đã ban hành Nghị quyết số 189/NQ-HĐT phê duyệt kế hoạch tổ chức giảng dạy và học tập từ Học kỳ 2 năm học 2024 - 2025. Theo đó, từ Học kỳ 2 năm học 2024 - 2025, Trường ĐHCT sẽ tổ chức giảng dạy và học tập 03 học kỳ chính trong một năm học.",Trường Đại học Cần Thơ tổ chức giảng dạy và học tập 3 học kỳ chính kể từ Học kỳ 2 năm học 2024 - 2025.,3hk.md,True,single
R22,"Theo lịch ba học kỳ, mỗi học kỳ chính của CTU có thời lượng bao nhiêu tuần?",academic_rules,"b) Một học kỳ kéo dài 15 tuần, trong đó gồm 11 tuần dạy và học, 01 tuần dự trữ và tổ chức thi những học phần thi riêng, 01 tuần tổ chức thi những học phần riêng còn lại, 01 tuần tổ chức thi những học phần thi chung và 01 tuần xử lý kết quả.",Một học kỳ kéo dài 15 tuần.,3hk.md,True,single
R23,15 tuần của một học kỳ chính được phân bổ như thế nào?,academic_rules,"b) Một học kỳ kéo dài 15 tuần, trong đó gồm 11 tuần dạy và học, 01 tuần dự trữ và tổ chức thi những học phần thi riêng, 01 tuần tổ chức thi những học phần riêng còn lại, 01 tuần tổ chức thi những học phần thi chung và 01 tuần xử lý kết quả.","Khoảng thời gian 15 tuần của học kỳ chính bao gồm: 11 tuần dạy và học, 01 tuần dự trữ và tổ chức thi những học phần thi riêng, 01 tuần tổ chức thi những học phần riêng còn lại, 01 tuần tổ chức thi những học phần thi chung và 01 tuần xử lý kết quả.",3hk.md,True,single
R24,"Học kỳ 1, 2 và 3 của CTU tương ứng với các khoảng tuần nào trong năm?",academic_rules,"c) Học kỳ 1 bắt đầu từ tuần thứ 37 đến tuần thứ 51 của năm; Học kỳ 2 bắt đầu từ tuần thứ 01 đến tuần thứ 17 của năm (_bao gồm 2 tuần nghỉ Tết Nguyên Đán_); Học kỳ 3 bắt đầu từ tuần thứ 20 đến tuần thứ 34 của năm. Tuần nghỉ giữa các học kỳ là tuần thứ 18, 19, 35, 36, 52 và tuần thứ 53 (_nếu có_) của năm.",Học kỳ 1 từ tuần thứ 37 đến tuần thứ 51 của năm; Học kỳ 2 từ tuần thứ 01 đến tuần thứ 17 của năm (bao gồm 2 tuần nghỉ Tết Nguyên Đán); Học kỳ 3 từ tuần thứ 20 đến tuần thứ 34 của năm.,3hk.md,True,single
R16,Khoản vay theo Quyết định 29 được phép dùng cho những mục đích chi tiêu nào?,student_loan,"Người học vay vốn để trang trải học phí, sinh hoạt phí và chi phí học tập khác trong thời gian theo học các ngành khoa học, công nghệ, kỹ thuật và toán được ban hành theo Quyết định 29","Người học được vay vốn để trang trải học phí, sinh hoạt phí và chi phí học tập khác.",VayVonChoSinhVienKyT.md,True,single
R17,Ngành máy tính và công nghệ thông tin có nằm trong nhóm được vay theo chương trình tín dụng của Quyết định 29 không?,student_loan,"Sinh viên, học viên thạc sĩ, nghiên cứu sinh là công dân Việt Nam đang theo học các ngành khoa học, công nghệ, kỹ thuật và toán theo quy định đang đào tạo tại ĐHCT thuộc các ngành, lĩnh vực đào tạo cụ thể:
| 3   | Máy tính và công nghệ thông tin                                        | 748                           | 848                           | 948                                   |","Có, sinh viên ngành Máy tính và công nghệ thông tin (mã ngành 748, thạc sĩ 848, nghiên cứu sinh 948) thuộc đối tượng được vay vốn theo Quyết định 29.",VayVonChoSinhVienKyT.md,True,single
R18,Sinh viên năm nhất muốn vay vốn theo Quyết định 29 phải đáp ứng điều kiện học tập nào?,student_loan,"(1) Có đồng thời cả ba năm học trung học phổ thông được đánh giá kết quả học tập đạt từ mức khá trở lên;**Hoặc**(2) Đạt điểm trung bình môn lớp 12 của các môn toán, vật lý, hóa học, sinh học từ 8 điểm trở lên","Sinh viên năm thứ nhất phải đáp ứng một trong hai điều kiện: (1) có đồng thời cả ba năm học THPT đạt kết quả học tập từ khá trở lên, hoặc (2) đạt điểm trung bình môn lớp 12 của các môn Toán, Vật lý, Hóa học, Sinh học từ 8 điểm trở lên.",VayVonChoSinhVienKyT.md,True,single
R19,"Từ năm học thứ hai, sinh viên phải đạt kết quả học tập ra sao mới đủ điều kiện vay vốn?",student_loan,Có kết quả học tập trung bình các môn học đạt loại giỏi trở lên theo quy định của pháp luật tại năm trước liền kề với năm đề nghị vay vốn.,Cần có kết quả học tập trung bình các môn học đạt loại giỏi trở lên tại năm trước liền kề năm đề nghị vay vốn.,VayVonChoSinhVienKyT.md,True,single
R20,Sinh viên hệ chính quy cần đến đâu để xin xác nhận phục vụ hồ sơ vay vốn?,student_loan,Sinh viên hình thức chính quy thực hiện thủ tục cấp giấy xác nhận tại văn phòng Phòng Công tác Sinh viên.,Sinh viên hình thức chính quy thực hiện thủ tục cấp giấy xác nhận tại văn phòng Phòng Công tác Sinh viên.,VayVonChoSinhVienKyT.md,True,single
R96,Hồ sơ vay vốn ở lần đầu và những năm sau dùng các mẫu phụ lục nào?,student_loan,"Khi vay vốn lần đầu, người học điền Tờ khai thông tin theo mẫu Phụ lục I; đối với các năm tiếp theo, người học sử dụng mẫu Phụ lục II.",Khi vay vốn lần đầu sử dụng mẫu Phụ lục I; đối với các năm tiếp theo sử dụng mẫu Phụ lục II.,VayVonChoSinhVienKyT.md,True,single
R97,Học viên cao học hoặc nghiên cứu sinh cần xin xác nhận vay vốn ở đơn vị nào?,student_loan,"- Học viên thạc sĩ, nghiên cứu sinh thực hiện thủ tục cấp giấy xác nhận tại văn phòng Khoa Sau đại học.",Học viên thạc sĩ và nghiên cứu sinh thực hiện thủ tục cấp giấy xác nhận tại văn phòng Khoa Sau đại học.,VayVonChoSinhVienKyT.md,True,single
51,Mức vay vốn ưu đãi tối đa để mua máy tính học trực tuyến là bao nhiêu?,student_loan,"Mức vốn vay tối đa là 10 triệu đồng/học sinh, sinh viên","Mức vốn vay tối đa là 10 triệu đồng/học sinh, sinh viên",VayVonMuaMayTinh.md,True,single
52,Lãi suất cho vay mua máy tính học trực tuyến là bao nhiêu?,student_loan,"Lãi suất cho vay là 1,2%/năm","Lãi suất cho vay là 1,2%/năm",VayVonMuaMayTinh.md,True,single
53,Khoản vay để mua máy tính phục vụ học trực tuyến được kéo dài tối đa trong bao lâu?,student_loan,Thời hạn cho vay tối đa là 36 tháng,Thời hạn cho vay tối đa là 36 tháng,VayVonMuaMayTinh.md,True,single
54,Sinh viên thuộc hộ gia đình khó khăn do bố hoặc mẹ mất vì Covid-19 có được vay mua máy tính không?,student_loan,"Có, sinh viên có bố hoặc mẹ mất do dịch Covid-19 thuộc đối tượng vay vốn","Có, sinh viên có bố hoặc mẹ mất do dịch Covid-19 thuộc đối tượng vay vốn",VayVonMuaMayTinh.md,True,single
55,Sinh viên mua máy tính có thể trực tiếp đứng tên vay vốn trong trường hợp nào?,student_loan,Khi đã đủ 18 tuổi và hộ gia đình không còn thành viên nào đủ 18 tuổi trở lên hoặc thành viên còn lại không còn đủ năng lực hành vi dân sự,Khi đã đủ 18 tuổi và hộ gia đình không còn thành viên nào đủ 18 tuổi trở lên hoặc thành viên còn lại không còn đủ năng lực hành vi dân sự,VayVonMuaMayTinh.md,True,single
15,Thuộc hộ nghèo hoặc diện tàn tật thì sinh viên được trợ cấp xã hội mỗi tháng ở mức nào?,social_support,Mức trợ cấp xã hội cho sinh viên thuộc đối tượng hộ nghèo hoặc tàn tật là 100.000 đồng/sinh viên/tháng.,Mức trợ cấp là 100.000 đồng/1 sinh viên/1 tháng,TCXH.md,True,single
16,Em là sinh viên dân tộc thiểu số thuộc hộ nghèo thì được hỗ trợ chi phí học tập bao nhiêu?,social_support,Mức hỗ trợ bằng 60% mức lương tối thiểu chung,Mức hỗ trợ bằng 60% mức lương tối thiểu chung,66_2013.md,True,single
17,Khoản hỗ trợ chi phí học tập cho sinh viên dân tộc thiểu số thuộc hộ nghèo được nhận tối đa mấy tháng trong một năm học?,social_support,Sinh viên được hưởng không quá 10 tháng/năm học,Sinh viên được hưởng không quá 10 tháng/năm học,66_2013.md,True,single
18,Học văn bằng hai thì sinh viên dân tộc thiểu số thuộc hộ nghèo còn được nhận hỗ trợ chi phí học tập không?,social_support,Không áp dụng đối với sinh viên học văn bằng hai,Không áp dụng đối với sinh viên học văn bằng hai,66_2013.md,True,single
19,Ai là người ký xác nhận giấy chứng nhận hộ nghèo để sinh viên làm hồ sơ hỗ trợ chi phí học tập?,social_support,"Giấy chứng nhận hộ nghèo phải do Ủy ban nhân dân xã, phường, thị trấn cấp","Giấy chứng nhận hộ nghèo phải do Ủy ban nhân dân xã, phường, thị trấn cấp",donz.md,True,single
20,Nguồn tiền hỗ trợ chi phí học tập cho sinh viên dân tộc thiểu số thuộc hộ nghèo được lấy từ đâu?,social_support,Kinh phí được cân đối trong nguồn chi cho sự nghiệp giáo dục và đào tạo hằng năm theo phân cấp quản lý ngân sách nhà nước,Kinh phí được cân đối trong nguồn chi cho sự nghiệp giáo dục và đào tạo hằng năm theo phân cấp quản lý ngân sách nhà nước,66_2013.md,True,single
21,"Em học sư phạm và đã được Nhà nước hỗ trợ học phí, sinh hoạt phí rồi thì có được nhận thêm hỗ trợ chi phí đào tạo dành cho sinh viên dân tộc thiểu số không?",social_support,"Sinh viên đang học tại Trường hệ chính quy (kể cả sinh viên mới trúng tuyển vào Trường năm 2025 – Khóa 51) là người dân tộc thiểu số theo Quyết định 1227/QĐ – TTg ngày 14/7/2021 thuộc hộ nghèo, hộ cận nghèo hoặc ngành Sư phạm nhưng chưa được hưởng chính sách theo Nghị định số 116/2020/NĐ - CP ngày 25/9/2020 của Thủ tướng Chính phủ.","Không, sinh viên sư phạm chưa được hưởng chính sách theo Nghị định 116 mới thuộc đối tượng này",Ho_tro.md,True,single
22,Sinh viên dân tộc thiểu số thuộc hộ nghèo muốn nộp hồ sơ hỗ trợ chi phí học tập thì nộp trực tiếp ở đâu?,social_support,Nộp trực tiếp tại Văn phòng Phòng Công tác Sinh viên,Nộp trực tiếp tại Văn phòng Phòng Công tác Sinh viên,donz.md,True,single
23,Trường hợp sinh viên mồ côi cả cha lẫn mẹ thì bộ hồ sơ xin trợ cấp xã hội cần những giấy tờ nào?,social_support,"Đơn xin hưởng trợ cấp, bản sao giấy chứng tử của cha mẹ hoặc giấy xác nhận của UBND cấp xã nơi cư trú là mồ côi cả cha lẫn mẹ","Đơn xin hưởng trợ cấp, bản sao giấy chứng tử của cha mẹ hoặc giấy xác nhận của UBND cấp xã nơi cư trú là mồ côi cả cha lẫn mẹ",Tro_cap_XH.md,True,single
24,Sinh viên mồ côi cần nộp hồ sơ xin trợ cấp xã hội mấy lần?,social_support,Chỉ cần nộp hồ sơ một lần để xét hưởng đến hết khóa học theo khung thời gian đào tạo,Chỉ cần nộp hồ sơ một lần để xét hưởng đến hết khóa học theo khung thời gian đào tạo,Tro_cap_XH.md,True,single
25,Sinh viên được hỗ trợ chi phí đào tạo dành cho vùng đồng bào dân tộc thiểu số thì nộp hồ sơ ở đâu?,social_support,"Nộp trực tiếp tại Phòng Quản lý chất lượng, Sở Giáo dục và Đào tạo thành phố Cần Thơ","Nộp trực tiếp tại Phòng Quản lý chất lượng, Sở Giáo dục và Đào tạo thành phố Cần Thơ",Ho_tro.md,True,single
R01,"Kỳ 3 năm học 2025-2026, sinh viên ở KTX được bố trí chỗ ở từ thời điểm nào đến thời điểm nào?",other,"Thời gian ở KTX của học kỳ 3 năm học 2025-2026 là **3,5 tháng**, tính từ ngày 04/5/2026 đến 21/8/2026.","Thời gian ở KTX học kỳ 3 năm học 2025-2026 là 3,5 tháng, tính từ ngày 04/5/2026 đến 21/8/2026.",tbdk_hk32526_llp.md,True,single
R02,Sinh viên phải đóng phí KTX học kỳ 3 năm học 2025-2026 khi nào?,other,"- Sinh viên nộp phí **từ ngày 23/4 đến 29/4/2026**, SV nộp phí cho cả kỳ ở.",Sinh viên phải đóng phí cho cả kỳ ở từ ngày 23/4 đến ngày 29/4/2026.,tbdk_hk32526_llp.md,True,single
R03,"Khi chuyển khoản tiền KTX học kỳ 3, nội dung chuyển khoản phải ghi theo cú pháp nào?",other,+ Nội dung ghi cú pháp: ***Mã số SV – Tên SV – Số điện thoại - KTX.***,Nội dung chuyển khoản ghi theo cú pháp: Mã số SV – Tên SV – Số điện thoại - KTX.,tbdk_hk32526_llp.md,True,single
R04,Muốn ở KTX trong học kỳ 3 năm 2025-2026 thì đăng ký chậm nhất đến ngày nào?,other,- Sinh viên đăng ký ở KTX tập trung đầu kỳ *(kể cả SV đang ở KTX)* qua **Hệ thống Quản lý KTX** của Trường bằng tài khoản SV từ ngày phát hành thông báo đến **ngày 10/4/2026.**,Hạn cuối đăng ký ở KTX học kỳ 3 năm học 2025-2026 là ngày 10/4/2026.,tbdk_hk32526_llp.md,True,single
R05,Sinh viên mới đăng ký KTX cho học kỳ 3 năm 2025-2026 có thể vào nhận chỗ sớm nhất từ ngày nào?,other,- Đối với SV đăng ký mới có thể nhận chỗ ở từ ngày 04/5/2026.,Sinh viên đăng ký mới có thể nhận chỗ ở từ ngày 04/5/2026.,tbdk_hk32526_llp.md,True,single
R06,Đợt ở KTX của học kỳ 1 năm 2026-2027 bắt đầu và kết thúc vào ngày nào?,other,"**1. Thời gian ở KTX** của học kỳ 1 năm học 2026-2027 là **3,5 tháng**, tính từ ngày 07/9/2026 đến 18/12/2026.","Thời gian ở KTX học kỳ 1 năm học 2026-2027 là 3,5 tháng, tính từ ngày 07/9/2026 đến 18/12/2026.",072026_tb_dk1_2627_llp.md,True,single
R07,Học kỳ 1 năm học 2026-2027 phải nộp phí KTX trong thời gian nào?,other,"- Sinh viên nộp phí **từ ngày 04/8 đến 07/8/2026**, SV nộp phí cho cả kỳ ở.",Sinh viên nộp phí cho cả kỳ ở từ ngày 04/8 đến ngày 07/8/2026.,072026_tb_dk1_2627_llp.md,True,single
R08,Nếu đã ở KTX từ học kỳ 3 năm 2025-2026 thì sang học kỳ 1 năm 2026-2027 có cần đăng ký chỗ ở lại không?,other,"- Đối với SV đang ở cũ *(HK3, năm học 2025-2026)* **không cần phải đăng ký lại**, chỉ thực hiện nộp phí theo thời gian nêu ở **mục 2**, trong thông báo này.","Không cần phải đăng ký lại, sinh viên chỉ thực hiện nộp phí theo quy định.",072026_tb_dk1_2627_llp.md,True,single
R09,Khoản phí gửi xe KTX của học kỳ 1 năm 2026-2027 được thu trong khoảng thời gian nào?,other,"+ Sinh viên nộp phí gửi xe của học kỳ tại Văn phòng KTX, bao gồm: xe máy, xe điện và xe đạp *(miễn phí)*, từ ngày 04/8 đến 14/8/2026. Sau thời gian trên SV nộp từ 15 giờ đến 16 giờ *(thứ 2 đến thứ 6)*. Đối với xe không có đăng ký phải di chuyển ra khỏi nhà xe nhường lại khoảng trống để sắp xếp xe đã đăng ký.","Phí gửi xe của học kỳ được nộp tại Văn phòng KTX từ ngày 04/8 đến ngày 14/8/2026. Sau thời gian này, sinh viên nộp từ 15 giờ đến 16 giờ (thứ 2 đến thứ 6). Xe đạp được gửi miễn phí.",072026_tb_dk1_2627_llp.md,True,single
Q001,Ngành Công nghệ thông tin yêu cầu những PLO nào ở khối kiến thức giáo dục đại cương?,academic_program,"Áp dụng kiến thức về tính toán và toán học phù hợp với các vấn đề liên quan đến công nghệ thông tin (PLO 1); Hiểu biết về các chuẩn mực và trách nhiệm đối với nghề nghiệp, chính trị, đạo đức, pháp lý, văn hoá và xã hội (PLO 2);","Chào bạn, dựa trên chương trình đào tạo ngành Công nghệ thông tin (mã ngành 7480201), chuẩn đầu ra (PLO) thuộc khối kiến thức giáo dục đại cương bao gồm các nội dung sau:

- **a. PLO 1:** Áp dụng kiến thức về tính toán và toán học phù hợp với các vấn đề liên quan đến công nghệ thông tin.
- **b. PLO 2:** Hiểu biết về các chuẩn mực và trách nhiệm đối với nghề nghiệp, chính trị, đạo đức, pháp lý, văn hoá và xã hội.

---
📌 **Nguồn tham khảo:** [3.1.1 Khối kiến thức giáo dục đại cương](/api/pdfs/66_7480201_CongNgheThongTin.pdf)",66_7480201_CongNgheThongTin.md,True,single
Q002,"Trong ngành Kỹ thuật Phần mềm, phần kiến thức giáo dục đại cương gắn với những chuẩn đầu ra PLO nào?",academic_program,"Vận dụng kiến thức cơ bản về khoa học chính trị, khoa học xã hội và nhân văn, pháp luật, giáo dục thể chất, giáo dục quốc phòng - an ninh, ý tưởng về đổi mới sáng tạo và khởi nghiệp trong các vấn đề liên quan đến công nghệ phần mềm và phát triển cá nhân. (PLO1) Ứng dụng kiến thức toán học nền tảng để tiếp thu kiến thức chuyên môn trong lĩnh vực kỹ thuật phần mềm. (PLO2) Ứng dụng kiến thức về công nghệ số (bậc 4 theo Khung năng lực số) và ngoại ngữ (tiếng Anh hoặc tiếng Pháp tương đương trình độ bậc 3/6 Khung năng lực ngoại ngữ) vào nghiên cứu, cập nhật và trao đổi thông tin phục vụ học tập và phát triển chuyên môn. (PLO3)","Chào bạn, với tư cách là trợ lý ảo tư vấn học vụ của Trường Đại học Cần Thơ, tôi xin giải đáp thắc mắc của bạn về chuẩn đầu ra (PLO) thuộc khối kiến thức giáo dục đại cương của ngành Kỹ thuật Phần mềm như sau:

Chuẩn đầu ra (PLO) về kiến thức thuộc khối giáo dục đại cương bao gồm các nội dung sau:

- **PLO1:** Vận dụng kiến thức cơ bản về khoa học chính trị, khoa học xã hội và nhân văn, pháp luật, giáo dục thể chất, giáo dục quốc phòng - an ninh, ý tưởng về đổi mới sáng tạo và khởi nghiệp trong các vấn đề liên quan đến công nghệ phần mềm và phát triển cá nhân.
- **PLO2:** Ứng dụng kiến thức toán học nền tảng để tiếp thu kiến thức chuyên môn trong lĩnh vực kỹ thuật phần mềm.
- **PLO3:** Ứng dụng kiến thức về công nghệ số (bậc 4 theo Khung năng lực số) và ngoại ngữ (tiếng Anh hoặc tiếng Pháp tương đương trình độ bậc 3/6 Khung năng lực ngoại ngữ) vào nghiên cứu, cập nhật và trao đổi thông tin phục vụ học tập và phát triển chuyên môn.

---
📌 **Nguồn tham khảo:** [3.1.1 Khối kiến thức giáo dục đại cương](/api/pdfs/70_7480103_KyThuatPhanMem.pdf)",70_7480103_KyThuatPhanMem.md,True,single
Q003,"Trong chương trình CNTT chất lượng cao, muốn học ""Kinh tế chính trị Mác - Lênin"" thì phải hoàn thành môn nào trước?",academic_program,"Học phần ""Kinh tế chính trị Mác - Lênin"" yêu cầu học phần tiên quyết: ML014.","Học phần ""Kinh tế chính trị Mác - Lênin"" (mã số: ML016) trong chương trình đào tạo ngành Công nghệ thông tin (chất lượng cao) yêu cầu học phần tiên quyết là: **Triết học Mác - Lênin** (mã số: ML014).

---
📌 **Nguồn tham khảo:** [CHƯƠNG TRÌNH ĐÀO TẠO CHẤT LƯỢNG CAO TRÌNH ĐỘ ĐẠI HỌC/7. Khung chương trình đào tạo](/api/pdfs/67_7480201C_CongNgheThongTin_CTCLC.pdf)",67_7480201C_CongNgheThongTin_CTCLC.md,True,single
Q004,"Với CNTT chất lượng cao, khối kiến thức giáo dục đại cương phải đáp ứng các PLO nào?",academic_program,"Áp dụng sâu rộng kiến thức về tính toán và toán học để giải quyết các vấn đề phức tạp và đòi hỏi sự sáng tạo trong lĩnh vực công nghệ thông tin (PLO 1); Hiểu rõ và vận dụng các chuẩn mực và trách nhiệm nghề nghiệp ở tầm quốc tế, chính trị, đạo đức, pháp lý, văn hóa và xã hội, có ý thức trách nhiệm công dân toàn cầu (PLO 2);","Chào bạn, với tư cách là trợ lý ảo tư vấn học vụ của Trường Đại học Cần Thơ, mình xin giải đáp thắc mắc của bạn về chuẩn đầu ra (PLO) thuộc khối kiến thức giáo dục đại cương của ngành Công nghệ thông tin (chất lượng cao) như sau:

Chuẩn đầu ra (PLO) thuộc khối kiến thức giáo dục đại cương bao gồm các nội dung sau:

*   **a. (PLO 1):** Áp dụng sâu rộng kiến thức về tính toán và toán học để giải quyết các vấn đề phức tạp và đòi hỏi sự sáng tạo trong lĩnh vực công nghệ thông tin.
*   **b. (PLO 2):** Hiểu rõ và vận dụng các chuẩn mực và trách nhiệm nghề nghiệp ở tầm quốc tế, chính trị, đạo đức, pháp lý, văn hóa và xã hội, có ý thức trách nhiệm công dân toàn cầu.

---
📌 **Nguồn tham khảo:** [3.1.1 Khối kiến thức giáo dục đại cương](/api/pdfs/67_7480201C_CongNgheThongTin_CTCLC.pdf)",67_7480201C_CongNgheThongTin_CTCLC.md,True,single
Q005,Sinh viên CNTT chất lượng cao sau khi ra trường có thể làm các công việc hoặc vị trí nào?,academic_program,"Nhà tư vấn, giám sát, nhà lãnh đạo lĩnh vực công nghệ thông tin cho các tổ chức, doanh nghiệp hay cá nhân. Lập trình viên, kỹ thuật viên, quản trị viên hệ thống công nghệ thông tin cho các tổ chức, doanh nghiệp hay cá nhân. Cán bộ nghiên cứu, phân tích trong lĩnh vực công nghệ thông tin tại các viện nghiên cứu hay các trường đại học. Giảng viên giảng dạy ở các trường đại học, cao đẳng, trung học chuyên nghiệp, trung học phổ thông.","Sau khi tốt nghiệp chương trình đào tạo chất lượng cao ngành Công nghệ thông tin tại Trường Đại học Cần Thơ, sinh viên có thể đảm nhận các vị trí việc làm sau:

* Nhà tư vấn, giám sát, nhà lãnh đạo lĩnh vực công nghệ thông tin cho các tổ chức, doanh nghiệp hay cá nhân.
* Lập trình viên, kỹ thuật viên, quản trị viên hệ thống công nghệ thông tin cho các tổ chức, doanh nghiệp hay cá nhân.
* Cán bộ nghiên cứu, phân tích trong lĩnh vực công nghệ thông tin tại các viện nghiên cứu hay các trường đại học.
* Giảng viên giảng dạy ở các trường đại học, cao đẳng, trung học chuyên nghiệp, trung học phổ thông.

---
📌 **Nguồn tham khảo:** [CHƯƠNG TRÌNH ĐÀO TẠO CHẤT LƯỢNG CAO TRÌNH ĐỘ ĐẠI HỌC](/api/pdfs/67_7480201C_CongNgheThongTin_CTCLC.pdf)",67_7480201C_CongNgheThongTin_CTCLC.md,True,single
Q006,"Trong CTĐT Kỹ thuật Phần mềm, môn ""Kiểm chứng mô hình"" có mã học phần gì và bao nhiêu tín chỉ?",academic_program,"Học phần Kiểm chứng mô hình có mã số CT287, số tín chỉ là 3 (Bắt buộc), số tiết là 30 LT, 30 TH.","Học phần ""Kiểm chứng mô hình"" trong chương trình đào tạo ngành Kỹ thuật Phần mềm có thông tin như sau:

- Mã số: CT287
- Số tín chỉ: 3 tín chỉ

---
📌 **Nguồn tham khảo:** [CHƯƠNG TRÌNH ĐÀO TẠO TRÌNH ĐỘ ĐẠI HỌC](/api/pdfs/70_7480103_KyThuatPhanMem.pdf)",70_7480103_KyThuatPhanMem.md,True,single
Q007,"Môn ""Mạng máy tính"" trong ngành Khoa học máy tính phải học qua môn nào trước?",academic_program,"Học phần ""Mạng máy tính"" yêu cầu học phần tiên quyết: CT178.","Học phần ""Mạng máy tính"" (mã số: CT112) trong chương trình đào tạo ngành Khoa học máy tính yêu cầu học phần tiên quyết là: **Nguyên lý hệ điều hành** (mã số: CT178).

---
📌 **Nguồn tham khảo:** [Khối kiến thức cơ sở ngành](/api/pdfs/73_7480101_KhoaHocMayTinh.pdf)",73_7480101_KhoaHocMayTinh.md,True,single
Q008,Các PLO của phần giáo dục đại cương trong ngành Hệ thống thông tin gồm những gì?,academic_program,"Vận dụng được các kiến thức cơ bản về khoa học chính trị, khoa học tự nhiên, khoa học xã hội và pháp luật trong quá trình hoạt động nghề nghiệp trong lĩnh vực HTTT (PLO1); Vận dụng được các kiến thức cơ bản về giáo dục thể chất, quốc phòng và an ninh để rèn luyện thể chất, ý thức kỷ luật và thực hiện nghĩa vụ công dân trong học tập và môi trường nghề nghiệp (PLO2).","Chuẩn đầu ra (PLO) thuộc khối kiến thức giáo dục đại cương của ngành Hệ thống thông tin bao gồm các nội dung sau:

- **PLO1:** Vận dụng được các kiến thức cơ bản về khoa học chính trị, khoa học tự nhiên, khoa học xã hội và pháp luật trong quá trình hoạt động nghề nghiệp trong lĩnh vực HTTT.
- **PLO2:** Vận dụng được các kiến thức cơ bản về giáo dục thể chất, quốc phòng và an ninh để rèn luyện thể chất, ý thức kỷ luật và thực hiện nghĩa vụ công dân trong học tập và môi trường nghề nghiệp.

---
📌 **Nguồn tham khảo:** [CHƯƠNG TRÌNH ĐÀO TẠO TRÌNH ĐỘ ĐẠI HỌC/3. Chuẩn đầu ra của chương trình đào tạo/3.1 Kiến thức/]( /api/pdfs/68_7480104_HeThongThongTin.pdf)",68_7480104_HeThongThongTin.md,True,single
Q009,Chương trình Trí tuệ nhân tạo mang mã ngành nào?,academic_program,Mã ngành của ngành Trí tuệ nhân tạo là: 7480107.,"Mã ngành của chương trình đào tạo Trí tuệ nhân tạo là: **7480107**.

---
📌 **Nguồn tham khảo:** [CHƯƠNG TRÌNH ĐÀO TẠO TRÌNH ĐỘ ĐẠI HỌC](/api/pdfs/108_7480107_TriTueNhanTao.pdf)",108_7480107_TriTueNhanTao.md,True,single
1,Trẻ bị bỏ rơi không có nguồn nuôi dưỡng học đại học thì được hưởng chế độ học phí như thế nào?,exemption_policy,Sinh viên thuộc diện này được miễn 100% học phí,Sinh viên thuộc diện này được miễn 100% học phí,mghp.md,True,single
2,Sinh viên khuyết tật cần nộp những giấy tờ nào để làm thủ tục miễn học phí?,exemption_policy,"Cần nộp Đơn đề nghị miễn, giảm học phí (theo mẫu) và Giấy xác nhận khuyết tật do Ủy ban nhân dân xã, phường cấp","Cần nộp Đơn đề nghị miễn, giảm học phí (theo mẫu) và Giấy xác nhận khuyết tật do Ủy ban nhân dân xã, phường cấp",mghp.md,True,single
3,Sinh viên người dân tộc thiểu số ở xã khu vực III vùng dân tộc và miền núi được giảm bao nhiêu phần trăm học phí?,exemption_policy,Được giảm 70% học phí,Được giảm 70% học phí,mghp.md,True,single
4,Con của bệnh binh được hưởng chế độ học phí như thế nào?,exemption_policy,Được miễn 100% học phí,Được miễn 100% học phí,mghp.md,True,single
5,Cha hoặc mẹ bị tai nạn lao động được hưởng trợ cấp thường xuyên thì sinh viên được giảm bao nhiêu học phí?,exemption_policy,Được giảm 50% học phí,Được giảm 50% học phí,mghp.md,True,single
6,"Trong thời gian bị kỷ luật ngừng học, sinh viên còn thuộc diện được xét miễn hoặc giảm học phí không?",exemption_policy,"Không áp dụng chế độ ưu đãi miễn, giảm học phí trong thời gian sinh viên bị kỷ luật ngừng học","Không áp dụng chế độ ưu đãi miễn, giảm học phí trong thời gian sinh viên bị kỷ luật ngừng học",mghp.md,True,single
7,"Nếu sinh viên thuộc nhiều diện miễn, giảm học phí cùng lúc thì tính như thế nào?",exemption_policy,Chỉ được hưởng mức hỗ trợ cao nhất,Chỉ được hưởng mức hỗ trợ cao nhất,mghp.md,True,single
8,"Nếu đang được trả lương hoặc sinh hoạt phí trong thời gian đi học thì sinh viên còn được hưởng miễn, giảm học phí không?",exemption_policy,"Không áp dụng miễn, giảm học phí đối với trường hợp đang hưởng lương hoặc sinh hoạt phí khi đi học","Không áp dụng miễn, giảm học phí đối với trường hợp đang hưởng lương hoặc sinh hoạt phí khi đi học",mghp.md,True,single
9,Sổ hộ nghèo hết hạn thì làm gì để được tiếp tục miễn giảm học phí?,exemption_policy,Bắt buộc phải nộp bổ sung giấy xác nhận mới khi giấy cũ hết hạn để được gia hạn chế độ,Bắt buộc phải nộp bổ sung giấy xác nhận mới khi giấy cũ hết hạn để được gia hạn chế độ,mghp.md,True,single
10,"Học phí làm cơ sở tính miễn, giảm cho môn Giáo dục quốc phòng và An ninh (đại trà) là bao nhiêu?",exemption_basis,Là 451.000 đồng/tín chỉ,Là 451.000 đồng/tín chỉ,MucHocPhi_2526_MienGiam.md,True,single
11,"Khối ngành III (Kinh doanh và quản lý, pháp luật) có mức học phí cơ sở để tính miễn giảm là bao nhiêu 1 tín chỉ?",exemption_basis,Mức học phí cơ sở là 451.000 đồng/tín chỉ,Mức học phí cơ sở là 451.000 đồng/tín chỉ,MucHocPhi_2526_MienGiam.md,True,single
12,"Khối ngành IV (Khoa học sự sống, khoa học tự nhiên) có mức học phí cơ sở để tính miễn giảm là bao nhiêu?",exemption_basis,Mức học phí cơ sở là 487.000 đồng/tín chỉ,Mức học phí cơ sở là 487.000 đồng/tín chỉ,MucHocPhi_2526_MienGiam.md,True,single
13,Khối ngành VI (Sức khỏe) có mức học phí cơ sở để tính miễn giảm là bao nhiêu?,exemption_basis,Mức học phí cơ sở là 753.000 đồng/tín chỉ,Mức học phí cơ sở là 753.000 đồng/tín chỉ,MucHocPhi_2526_MienGiam.md,True,single
14,Sinh viên chương trình tiên tiến khóa 47 trở về trước có học phí làm cơ sở tính miễn giảm là bao nhiêu?,exemption_basis,Mức học phí là 335.000 đồng/tín chỉ,Mức học phí là 335.000 đồng/tín chỉ,MucHocPhi_2526_MienGiam.md,True,single
R31,Quyết định 17/QĐ-HSV về Sinh viên 5 tốt bắt đầu được áp dụng từ năm học nào?,other,Quyết định có hiệu lực thi hành kể từ năm học 2025-2026.,Quyết định có hiệu lực thi hành kể từ năm học 2025-2026.,17 - QD ban hanh SV5T DHCT giai doan 2025-2028.signed_llp.md,True,single
R32,Muốn đạt tiêu chí Đạo đức tốt thì điểm rèn luyện trung bình cần từ mức nào trở lên?,other,"Điểm rèn luyện trung bình cộng của học kỳ 3 năm học trước, học kỳ 1 và 2 năm học xét đạt từ 85 điểm trở lên.","Điểm rèn luyện trung bình cộng của học kỳ 3 năm học trước, học kỳ 1 và 2 năm học xét phải đạt từ 85 điểm trở lên.",17 - QD ban hanh SV5T DHCT giai doan 2025-2028.signed_llp.md,True,single
R33,Năm nhất muốn đạt tiêu chí Đạo đức tốt thì điểm rèn luyện được lấy từ các học kỳ nào?,other,"Đối với sinh viên năm nhất, tiêu chí điểm rèn luyện của Đạo đức tốt chỉ xét điểm của học kỳ 1 và 2 năm học xét.","Đối với sinh viên năm nhất, tiêu chí điểm rèn luyện của Đạo đức tốt chỉ xét điểm của học kỳ 1 và 2 năm học xét.",17 - QD ban hanh SV5T DHCT giai doan 2025-2028.signed_llp.md,True,single
CDICT001,"CNTT CLC K44 cần hoàn thành tổng cộng bao nhiêu tín chỉ, và riêng năm học 2026-2027 mức học phí theo năm là bao nhiêu?",actual_tuition,"- Số lượng tín chỉ: 168 tín chỉ
<tr>
            <td>1</td>
            <td>Công nghệ thông tin</td>
            <td>25</td>
            <td>26</td>
            <td>28</td>
            <td>30</td>
            <td>33</td>
            <td>36</td>
            <td>36</td>
            <td>40</td>
            <td>44,0</td>
        </tr>",CTĐT có 168 tín chỉ; mức học phí cố định của K44 là 25 triệu đồng/năm học.,67_7480201C_CongNgheThongTin_CTCLC.md; MucHocPhi_ChatLuongCao_TienTien.md,True,all_required
CDICT002,"Với CNTT CLC K45, chương trình có tổng số tín chỉ là bao nhiêu? Năm 2026-2027 sinh viên phải đóng học phí cả năm ở mức nào?",actual_tuition,"- Số lượng tín chỉ: 168 tín chỉ
<tr>
            <td>1</td>
            <td>Công nghệ thông tin</td>
            <td>25</td>
            <td>26</td>
            <td>28</td>
            <td>30</td>
            <td>33</td>
            <td>36</td>
            <td>36</td>
            <td>40</td>
            <td>44,0</td>
        </tr>",CTĐT có 168 tín chỉ; mức học phí cố định của K45 là 26 triệu đồng/năm học.,67_7480201C_CongNgheThongTin_CTCLC.md; MucHocPhi_ChatLuongCao_TienTien.md,True,all_required
CDICT003,Sinh viên CNTT CLC K46 học tổng cộng bao nhiêu tín chỉ và mức thu học phí theo năm cho 2026-2027 là bao nhiêu?,actual_tuition,"- Số lượng tín chỉ: 168 tín chỉ
<tr>
            <td>1</td>
            <td>Công nghệ thông tin</td>
            <td>25</td>
            <td>26</td>
            <td>28</td>
            <td>30</td>
            <td>33</td>
            <td>36</td>
            <td>36</td>
            <td>40</td>
            <td>44,0</td>
        </tr>",CTĐT có 168 tín chỉ; mức học phí cố định của K46 là 28 triệu đồng/năm học.,67_7480201C_CongNgheThongTin_CTCLC.md; MucHocPhi_ChatLuongCao_TienTien.md,True,all_required
CDICT004,Cho mình biết tổng số tín chỉ của CNTT CLC K47 và số tiền học phí một năm áp dụng trong năm học 2026-2027.,actual_tuition,"- Số lượng tín chỉ: 168 tín chỉ
<tr>
            <td>1</td>
            <td>Công nghệ thông tin</td>
            <td>25</td>
            <td>26</td>
            <td>28</td>
            <td>30</td>
            <td>33</td>
            <td>36</td>
            <td>36</td>
            <td>40</td>
            <td>44,0</td>
        </tr>",CTĐT có 168 tín chỉ; mức học phí cố định của K47 là 30 triệu đồng/năm học.,67_7480201C_CongNgheThongTin_CTCLC.md; MucHocPhi_ChatLuongCao_TienTien.md,True,all_required
CDICT005,"CNTT CLC K48 cần hoàn thành tổng cộng bao nhiêu tín chỉ, và riêng năm học 2026-2027 mức học phí theo năm là bao nhiêu?",actual_tuition,"- Số lượng tín chỉ: 168 tín chỉ
<tr>
            <td>1</td>
            <td>Công nghệ thông tin</td>
            <td>25</td>
            <td>26</td>
            <td>28</td>
            <td>30</td>
            <td>33</td>
            <td>36</td>
            <td>36</td>
            <td>40</td>
            <td>44,0</td>
        </tr>",CTĐT có 168 tín chỉ; mức học phí cố định của K48 là 33 triệu đồng/năm học.,67_7480201C_CongNgheThongTin_CTCLC.md; MucHocPhi_ChatLuongCao_TienTien.md,True,all_required
CDICT006,"Với CNTT CLC K49, chương trình có tổng số tín chỉ là bao nhiêu? Năm 2026-2027 sinh viên phải đóng học phí cả năm ở mức nào?",actual_tuition,"- Số lượng tín chỉ: 168 tín chỉ
<tr>
            <td>1</td>
            <td>Công nghệ thông tin</td>
            <td>25</td>
            <td>26</td>
            <td>28</td>
            <td>30</td>
            <td>33</td>
            <td>36</td>
            <td>36</td>
            <td>40</td>
            <td>44,0</td>
        </tr>",CTĐT có 168 tín chỉ; mức học phí cố định của K49 là 36 triệu đồng/năm học.,67_7480201C_CongNgheThongTin_CTCLC.md; MucHocPhi_ChatLuongCao_TienTien.md,True,all_required
CDICT007,Sinh viên CNTT CLC K50 học tổng cộng bao nhiêu tín chỉ và mức thu học phí theo năm cho 2026-2027 là bao nhiêu?,actual_tuition,"- Số lượng tín chỉ: 168 tín chỉ
<tr>
            <td>1</td>
            <td>Công nghệ thông tin</td>
            <td>25</td>
            <td>26</td>
            <td>28</td>
            <td>30</td>
            <td>33</td>
            <td>36</td>
            <td>36</td>
            <td>40</td>
            <td>44,0</td>
        </tr>",CTĐT có 168 tín chỉ; mức học phí cố định của K50 là 36 triệu đồng/năm học.,67_7480201C_CongNgheThongTin_CTCLC.md; MucHocPhi_ChatLuongCao_TienTien.md,True,all_required
CDICT008,Cho mình biết tổng số tín chỉ của CNTT CLC K51 và số tiền học phí một năm áp dụng trong năm học 2026-2027.,actual_tuition,"- Số lượng tín chỉ: 168 tín chỉ
<tr>
            <td>1</td>
            <td>Công nghệ thông tin</td>
            <td>25</td>
            <td>26</td>
            <td>28</td>
            <td>30</td>
            <td>33</td>
            <td>36</td>
            <td>36</td>
            <td>40</td>
            <td>44,0</td>
        </tr>",CTĐT có 168 tín chỉ; mức học phí cố định của K51 là 40 triệu đồng/năm học.,67_7480201C_CongNgheThongTin_CTCLC.md; MucHocPhi_ChatLuongCao_TienTien.md,True,all_required
CDICT009,"CNTT CLC K52 cần hoàn thành tổng cộng bao nhiêu tín chỉ, và riêng năm học 2026-2027 mức học phí theo năm là bao nhiêu?",actual_tuition,"- Số lượng tín chỉ: 168 tín chỉ
<tr>
            <td>1</td>
            <td>Công nghệ thông tin</td>
            <td>25</td>
            <td>26</td>
            <td>28</td>
            <td>30</td>
            <td>33</td>
            <td>36</td>
            <td>36</td>
            <td>40</td>
            <td>44,0</td>
        </tr>","CTĐT có 168 tín chỉ; mức học phí cố định của K52 là 44,0 triệu đồng/năm học.",67_7480201C_CongNgheThongTin_CTCLC.md; MucHocPhi_ChatLuongCao_TienTien.md,True,all_required
CDICT010,"Với KTPM CLC K48, chương trình có tổng số tín chỉ là bao nhiêu? Năm 2026-2027 sinh viên phải đóng học phí cả năm ở mức nào?",actual_tuition,"- Số lượng tín chỉ: 168 tín chỉ
<tr>
            <td>11</td>
            <td>Kỹ thuật phần mềm</td>
            <td></td>
            <td></td>
            <td></td>
            <td></td>
            <td>33</td>
            <td>33</td>
            <td>33</td>
            <td>40</td>
            <td>41,8</td>
        </tr>",CTĐT có 168 tín chỉ; mức học phí cố định của K48 là 33 triệu đồng/năm học.,71_7480103C_KyThuatPhanMem_CTCLC.md; MucHocPhi_ChatLuongCao_TienTien.md,True,all_required
CDICT011,Sinh viên KTPM CLC K49 học tổng cộng bao nhiêu tín chỉ và mức thu học phí theo năm cho 2026-2027 là bao nhiêu?,actual_tuition,"- Số lượng tín chỉ: 168 tín chỉ
<tr>
            <td>11</td>
            <td>Kỹ thuật phần mềm</td>
            <td></td>
            <td></td>
            <td></td>
            <td></td>
            <td>33</td>
            <td>33</td>
            <td>33</td>
            <td>40</td>
            <td>41,8</td>
        </tr>",CTĐT có 168 tín chỉ; mức học phí cố định của K49 là 33 triệu đồng/năm học.,71_7480103C_KyThuatPhanMem_CTCLC.md; MucHocPhi_ChatLuongCao_TienTien.md,True,all_required
CDICT012,Cho mình biết tổng số tín chỉ của KTPM CLC K50 và số tiền học phí một năm áp dụng trong năm học 2026-2027.,actual_tuition,"- Số lượng tín chỉ: 168 tín chỉ
<tr>
            <td>11</td>
            <td>Kỹ thuật phần mềm</td>
            <td></td>
            <td></td>
            <td></td>
            <td></td>
            <td>33</td>
            <td>33</td>
            <td>33</td>
            <td>40</td>
            <td>41,8</td>
        </tr>",CTĐT có 168 tín chỉ; mức học phí cố định của K50 là 33 triệu đồng/năm học.,71_7480103C_KyThuatPhanMem_CTCLC.md; MucHocPhi_ChatLuongCao_TienTien.md,True,all_required
CDICT013,"KTPM CLC K51 được thiết kế học trong bao nhiêu năm, và năm 2026-2027 mỗi tín chỉ của chương trình này tính bao nhiêu?",actual_tuition,"- Thời gian đào tạo: 4,5 năm
<tr>
      <td>11</td>
      <td>Kỹ thuật phần mềm</td>
      <td></td>
      <td></td>
      <td></td>
      <td></td>
      <td>1.161</td>
      <td>1.142</td>
      <td>1.073</td>
      <td>1.308</td>
      <td>1.366</td>
    </tr>","Thời gian đào tạo là 4,5 năm; mức học phí của K51 là 1.308.000 đồng/tín chỉ.",71_7480103C_KyThuatPhanMem_CTCLC.md; MucHocPhi_ChatLuongCao_TienTien.md,True,all_required
CDICT014,Thời gian đào tạo của KTPM CLC K52 là mấy năm? Nếu học trong năm 2026-2027 thì một tín chỉ có mức thu bao nhiêu?,actual_tuition,"- Thời gian đào tạo: 4,5 năm
<tr>
      <td>11</td>
      <td>Kỹ thuật phần mềm</td>
      <td></td>
      <td></td>
      <td></td>
      <td></td>
      <td>1.161</td>
      <td>1.142</td>
      <td>1.073</td>
      <td>1.308</td>
      <td>1.366</td>
    </tr>","Thời gian đào tạo là 4,5 năm; mức học phí của K52 là 1.366.000 đồng/tín chỉ.",71_7480103C_KyThuatPhanMem_CTCLC.md; MucHocPhi_ChatLuongCao_TienTien.md,True,all_required
CDICT015,"Với HTTT CLC K51, chương trình kéo dài bao lâu và đơn giá học phí theo tín chỉ năm 2026-2027 là bao nhiêu?",actual_tuition,"- Thời gian đào tạo: 4,5 năm
<tr>
      <td>13</td>
      <td>Hệ thống thông tin</td>
      <td></td>
      <td></td>
      <td></td>
      <td></td>
      <td></td>
      <td></td>
      <td>1.118</td>
      <td>1.308</td>
      <td>1.366</td>
    </tr>","Thời gian đào tạo là 4,5 năm; mức học phí chương trình chất lượng cao ngành Hệ thống thông tin, Khóa 51, năm học 2026-2027 là 1.308.000 đồng/tín chỉ.",69_7480104C_HeThongThongTin_CTCLC.md; MucHocPhi_ChatLuongCao_TienTien.md,True,all_required
CDICT016,Cho mình hỏi HTTT CLC K50 học mấy năm; đồng thời mức học phí cho một tín chỉ trong 2026-2027 là bao nhiêu?,actual_tuition,"- Thời gian đào tạo: 4,5 năm
<tr>
      <td>13</td>
      <td>Hệ thống thông tin</td>
      <td></td>
      <td></td>
      <td></td>
      <td></td>
      <td></td>
      <td></td>
      <td>1.118</td>
      <td>1.308</td>
      <td>1.366</td>
    </tr>","Thời gian đào tạo là 4,5 năm; mức học phí chương trình chất lượng cao ngành Hệ thống thông tin, Khóa 50, năm học 2026-2027 là 1.118.000 đồng/tín chỉ.",69_7480104C_HeThongThongTin_CTCLC.md; MucHocPhi_ChatLuongCao_TienTien.md,True,all_required
CDICT017,"HTTT CLC K51 có tổng số bao nhiêu tín chỉ, và trong năm học 2026-2027 mỗi tín chỉ được tính học phí bao nhiêu?",actual_tuition,"- Số lượng tín chỉ: 168 tín chỉ
<tr>
      <td>13</td>
      <td>Hệ thống thông tin</td>
      <td></td>
      <td></td>
      <td></td>
      <td></td>
      <td></td>
      <td></td>
      <td>1.118</td>
      <td>1.308</td>
      <td>1.366</td>
    </tr>","Chương trình có 168 tín chỉ; mức học phí chương trình chất lượng cao ngành Hệ thống thông tin, Khóa 51, năm học 2026-2027 là 1.308.000 đồng/tín chỉ.",69_7480104C_HeThongThongTin_CTCLC.md; MucHocPhi_ChatLuongCao_TienTien.md,True,all_required
CDICT018,Thời gian đào tạo của HTTT CLC K52 là mấy năm? Nếu học trong năm 2026-2027 thì một tín chỉ có mức thu bao nhiêu?,actual_tuition,"- Thời gian đào tạo: 4,5 năm
<tr>
      <td>13</td>
      <td>Hệ thống thông tin</td>
      <td></td>
      <td></td>
      <td></td>
      <td></td>
      <td></td>
      <td></td>
      <td>1.118</td>
      <td>1.308</td>
      <td>1.366</td>
    </tr>","Thời gian đào tạo là 4,5 năm; mức học phí của K52 là 1.366.000 đồng/tín chỉ.",69_7480104C_HeThongThongTin_CTCLC.md; MucHocPhi_ChatLuongCao_TienTien.md,True,all_required
CDICT019,"Với MMT&TTDL CLC K51, chương trình kéo dài bao lâu và đơn giá học phí theo tín chỉ năm 2026-2027 là bao nhiêu?",actual_tuition,"- Thời gian đào tạo: 4,5 năm
<tr>
      <td>14</td>
      <td>Mạng máy tính và truyền<br />thông dữ liệu</td>
      <td></td>
      <td></td>
      <td></td>
      <td></td>
      <td></td>
      <td></td>
      <td></td>
      <td>1.308</td>
      <td>1.366</td>
    </tr>","Thời gian đào tạo là 4,5 năm; mức học phí của K51 là 1.308.000 đồng/tín chỉ.",109_7480102C_MangMayTinhVaTruyenThongDuLieu_CTCLC.md; MucHocPhi_ChatLuongCao_TienTien.md,True,all_required
CDICT020,Cho mình hỏi MMT&TTDL CLC K52 học mấy năm; đồng thời mức học phí cho một tín chỉ trong 2026-2027 là bao nhiêu?,actual_tuition,"- Thời gian đào tạo: 4,5 năm
<tr>
      <td>14</td>
      <td>Mạng máy tính và truyền<br />thông dữ liệu</td>
      <td></td>
      <td></td>
      <td></td>
      <td></td>
      <td></td>
      <td></td>
      <td></td>
      <td>1.308</td>
      <td>1.366</td>
    </tr>","Thời gian đào tạo là 4,5 năm; mức học phí của K52 là 1.366.000 đồng/tín chỉ.",109_7480102C_MangMayTinhVaTruyenThongDuLieu_CTCLC.md; MucHocPhi_ChatLuongCao_TienTien.md,True,all_required
CDICT021,"CNTT CLC K44 được thiết kế học trong bao nhiêu năm, và năm 2026-2027 mỗi tín chỉ của chương trình này tính bao nhiêu?",actual_tuition,"- Thời gian đào tạo: 4.5 năm
<tr>
            <td>1</td>
            <td>Công nghệ thông tin</td>
            <td>882</td>
            <td>914</td>
            <td>989</td>
            <td>1.064</td>
            <td>1.161</td>
            <td>1.254</td>
            <td>1.181</td>
            <td>1.308</td>
            <td>1.438</td>
        </tr>",Thời gian đào tạo là 4.5 năm; mức học phí của K44 là 882.000 đồng/tín chỉ.,67_7480201C_CongNgheThongTin_CTCLC.md; MucHocPhi_ChatLuongCao_TienTien.md,True,all_required
CDICT022,Thời gian đào tạo của CNTT CLC K47 là mấy năm? Nếu học trong năm 2026-2027 thì một tín chỉ có mức thu bao nhiêu?,actual_tuition,"- Thời gian đào tạo: 4.5 năm
<tr>
            <td>1</td>
            <td>Công nghệ thông tin</td>
            <td>882</td>
            <td>914</td>
            <td>989</td>
            <td>1.064</td>
            <td>1.161</td>
            <td>1.254</td>
            <td>1.181</td>
            <td>1.308</td>
            <td>1.438</td>
        </tr>",Thời gian đào tạo là 4.5 năm; mức học phí của K47 là 1.064.000 đồng/tín chỉ.,67_7480201C_CongNgheThongTin_CTCLC.md; MucHocPhi_ChatLuongCao_TienTien.md,True,all_required
CDICT023,"Theo quy định học vụ, một học kỳ sinh viên được đăng ký tối đa bao nhiêu tín chỉ? Với CNTT CLC K45, nếu giả sử học đủ 20 tín chỉ đều tính theo đơn giá của chương trình năm 2026-2027 thì tổng học phí là bao nhiêu?",actual_tuition,"1. Sinh viên được đăng ký học tối đa 20 TC/HK.
1. Học phí đóng theo HK và tính theo tổng số TC mà SV đã đăng ký học ở HK đó. Mức học phí do Hiệu trưởng quyết định.
<tr>
            <td>1</td>
            <td>Công nghệ thông tin</td>
            <td>882</td>
            <td>914</td>
            <td>989</td>
            <td>1.064</td>
            <td>1.161</td>
            <td>1.254</td>
            <td>1.181</td>
            <td>1.308</td>
            <td>1.438</td>
        </tr>","Tối đa 20 tín chỉ/HK; với giả định cả 20 tín chỉ cùng áp mức 914.000 đồng/tín chỉ, số tiền tương ứng là 18.280.000 đồng.",quychehocvu.md; MucHocPhi_ChatLuongCao_TienTien.md,True,all_required
CDICT024,"Giới hạn số tín chỉ được đăng ký trong một học kỳ là bao nhiêu? Giả sử sinh viên CNTT CLC K46 đăng ký 20 tín chỉ và tất cả đều áp dụng cùng mức học phí/tín chỉ năm 2026-2027, cần đóng tổng cộng bao nhiêu?",actual_tuition,"1. Sinh viên được đăng ký học tối đa 20 TC/HK.
1. Học phí đóng theo HK và tính theo tổng số TC mà SV đã đăng ký học ở HK đó. Mức học phí do Hiệu trưởng quyết định.
<tr>
            <td>1</td>
            <td>Công nghệ thông tin</td>
            <td>882</td>
            <td>914</td>
            <td>989</td>
            <td>1.064</td>
            <td>1.161</td>
            <td>1.254</td>
            <td>1.181</td>
            <td>1.308</td>
            <td>1.438</td>
        </tr>","Tối đa 20 tín chỉ/HK; với giả định cả 20 tín chỉ cùng áp mức 989.000 đồng/tín chỉ, số tiền tương ứng là 19.780.000 đồng.",quychehocvu.md; MucHocPhi_ChatLuongCao_TienTien.md,True,all_required
CDICT025,"Một học kỳ được phép đăng ký nhiều nhất bao nhiêu tín chỉ theo quy chế? Nếu CNTT CLC K48 học 20 tín chỉ, toàn bộ tính theo mức thu của chương trình trong 2026-2027, số tiền tương ứng là bao nhiêu?",actual_tuition,"1. Sinh viên được đăng ký học tối đa 20 TC/HK.
1. Học phí đóng theo HK và tính theo tổng số TC mà SV đã đăng ký học ở HK đó. Mức học phí do Hiệu trưởng quyết định.
<tr>
            <td>1</td>
            <td>Công nghệ thông tin</td>
            <td>882</td>
            <td>914</td>
            <td>989</td>
            <td>1.064</td>
            <td>1.161</td>
            <td>1.254</td>
            <td>1.181</td>
            <td>1.308</td>
            <td>1.438</td>
        </tr>","Tối đa 20 tín chỉ/HK; với giả định cả 20 tín chỉ cùng áp mức 1.161.000 đồng/tín chỉ, số tiền tương ứng là 23.220.000 đồng.",quychehocvu.md; MucHocPhi_ChatLuongCao_TienTien.md,True,all_required
CDICT026,"Theo quy chế CTU, trần đăng ký tín chỉ mỗi học kỳ là bao nhiêu? Với trường hợp CNTT CLC K49 lấy đủ 20 tín chỉ và đều dùng đơn giá học phí 2026-2027 của chương trình, tổng tiền là bao nhiêu?",actual_tuition,"1. Sinh viên được đăng ký học tối đa 20 TC/HK.
1. Học phí đóng theo HK và tính theo tổng số TC mà SV đã đăng ký học ở HK đó. Mức học phí do Hiệu trưởng quyết định.
<tr>
            <td>1</td>
            <td>Công nghệ thông tin</td>
            <td>882</td>
            <td>914</td>
            <td>989</td>
            <td>1.064</td>
            <td>1.161</td>
            <td>1.254</td>
            <td>1.181</td>
            <td>1.308</td>
            <td>1.438</td>
        </tr>","Tối đa 20 tín chỉ/HK; với giả định cả 20 tín chỉ cùng áp mức 1.254.000 đồng/tín chỉ, số tiền tương ứng là 25.080.000 đồng.",quychehocvu.md; MucHocPhi_ChatLuongCao_TienTien.md,True,all_required
CDICT027,"Theo quy định học vụ, một học kỳ sinh viên được đăng ký tối đa bao nhiêu tín chỉ? Với KTPM CLC K48, nếu giả sử học đủ 20 tín chỉ đều tính theo đơn giá của chương trình năm 2026-2027 thì tổng học phí là bao nhiêu?",actual_tuition,"1. Sinh viên được đăng ký học tối đa 20 TC/HK.
1. Học phí đóng theo HK và tính theo tổng số TC mà SV đã đăng ký học ở HK đó. Mức học phí do Hiệu trưởng quyết định.
<tr>
      <td>11</td>
      <td>Kỹ thuật phần mềm</td>
      <td></td>
      <td></td>
      <td></td>
      <td></td>
      <td>1.161</td>
      <td>1.142</td>
      <td>1.073</td>
      <td>1.308</td>
      <td>1.366</td>
    </tr>","Tối đa 20 tín chỉ/HK; với giả định cả 20 tín chỉ cùng áp mức 1.161.000 đồng/tín chỉ, số tiền tương ứng là 23.220.000 đồng.",quychehocvu.md; MucHocPhi_ChatLuongCao_TienTien.md,True,all_required
CDICT028,"Giới hạn số tín chỉ được đăng ký trong một học kỳ là bao nhiêu? Giả sử sinh viên KTPM CLC K50 đăng ký 20 tín chỉ và tất cả đều áp dụng cùng mức học phí/tín chỉ năm 2026-2027, cần đóng tổng cộng bao nhiêu?",actual_tuition,"1. Sinh viên được đăng ký học tối đa 20 TC/HK.
1. Học phí đóng theo HK và tính theo tổng số TC mà SV đã đăng ký học ở HK đó. Mức học phí do Hiệu trưởng quyết định.
<tr>
      <td>11</td>
      <td>Kỹ thuật phần mềm</td>
      <td></td>
      <td></td>
      <td></td>
      <td></td>
      <td>1.161</td>
      <td>1.142</td>
      <td>1.073</td>
      <td>1.308</td>
      <td>1.366</td>
    </tr>","Tối đa 20 tín chỉ/HK; với giả định cả 20 tín chỉ cùng áp mức 1.073.000 đồng/tín chỉ, số tiền tương ứng là 21.460.000 đồng.",quychehocvu.md; MucHocPhi_ChatLuongCao_TienTien.md,True,all_required
CDICT029,"Một học kỳ được phép đăng ký nhiều nhất bao nhiêu tín chỉ theo quy chế? Nếu HTTT CLC K51 học 20 tín chỉ, toàn bộ tính theo mức thu của chương trình trong 2026-2027, số tiền tương ứng là bao nhiêu?",actual_tuition,"1. Sinh viên được đăng ký học tối đa 20 TC/HK.
1. Học phí đóng theo HK và tính theo tổng số TC mà SV đã đăng ký học ở HK đó. Mức học phí do Hiệu trưởng quyết định.
<tr>
      <td>13</td>
      <td>Hệ thống thông tin</td>
      <td></td>
      <td></td>
      <td></td>
      <td></td>
      <td></td>
      <td></td>
      <td>1.118</td>
      <td>1.308</td>
      <td>1.366</td>
    </tr>","Tối đa 20 tín chỉ/HK; với giả định cả 20 tín chỉ cùng áp mức 1.308.000 đồng/tín chỉ, số tiền tương ứng là 26.160.000 đồng.",quychehocvu.md; MucHocPhi_ChatLuongCao_TienTien.md,True,all_required
CDICT030,"Theo quy chế CTU, trần đăng ký tín chỉ mỗi học kỳ là bao nhiêu? Với trường hợp MMT&TTDL CLC K52 lấy đủ 20 tín chỉ và đều dùng đơn giá học phí 2026-2027 của chương trình, tổng tiền là bao nhiêu?",actual_tuition,"1. Sinh viên được đăng ký học tối đa 20 TC/HK.
1. Học phí đóng theo HK và tính theo tổng số TC mà SV đã đăng ký học ở HK đó. Mức học phí do Hiệu trưởng quyết định.
<tr>
      <td>14</td>
      <td>Mạng máy tính và truyền<br />thông dữ liệu</td>
      <td></td>
      <td></td>
      <td></td>
      <td></td>
      <td></td>
      <td></td>
      <td></td>
      <td>1.308</td>
      <td>1.366</td>
    </tr>","Tối đa 20 tín chỉ/HK; với giả định cả 20 tín chỉ cùng áp mức 1.366.000 đồng/tín chỉ, số tiền tương ứng là 27.320.000 đồng.",quychehocvu.md; MucHocPhi_ChatLuongCao_TienTien.md,True,all_required
CDICT031,"Trong CNTT chuẩn, môn “Lập trình căn bản A” (CT101) có mấy tín chỉ? Nếu tính học phí môn này theo đơn giá mỗi tín chỉ của K49 trong năm 2026-2027 thì tổng tiền là bao nhiêu?",actual_tuition,"* **Lập trình căn bản A** (Mã số: CT101)
- Số tín chỉ: 4 (Bắt buộc)
<tr>
      <td>41</td>
      <td>7480201</td>
      <td>V</td>
      <td>748</td>
      <td>Công nghệ thông tin</td>
      <td>DI</td>
      <td>832.000</td>
    </tr>",Học phần có 4 tín chỉ; mức áp dụng là 832.000; số tiền tương ứng là 3.328.000 đồng.,66_7480201_CongNgheThongTin.md; MucHocPhi_DaiHocChinhQuy_Khoa51_VeTruoc.md,True,all_required
CDICT032,Môn “Cấu trúc dữ liệu” (CT177) thuộc CNTT chuẩn gồm bao nhiêu tín chỉ; lấy mức học phí/tín chỉ của K52 năm 2026-2027 để tính thì học phần này hết bao nhiêu?,actual_tuition,"* **Cấu trúc dữ liệu** (Mã số: CT177)
- Số tín chỉ: 3 (Bắt buộc)
<tr>
            <td>43</td>
            <td>7480201</td>
            <td>V</td>
            <td>748</td>
            <td>Công nghệ thông tin</td>
            <td>DI</td>
            <td>150,3</td>
            <td>966.000</td>
        </tr>",Học phần có 3 tín chỉ; mức áp dụng là 966.000; số tiền tương ứng là 2.898.000 đồng.,66_7480201_CongNgheThongTin.md; MucHocPhi_DaiHocChinhQuy_Khoa52.md,True,all_required
CDICT033,"Cho biết số tín chỉ của “Toán rời rạc” (CT172E) trong KTPM chuẩn. Với đơn giá học phí theo tín chỉ áp dụng cho K50 năm 2026-2027, số tiền cho môn đó là bao nhiêu?",actual_tuition,"* **Toán rời rạc** (Mã số: CT172E)
- Số tín chỉ: 4 (Bắt buộc)
<tr>
      <td>37</td>
      <td>7480103</td>
      <td>V</td>
      <td>748</td>
      <td>Kỹ thuật phần mềm</td>
      <td>DI</td>
      <td>832.000</td>
    </tr>",Học phần có 4 tín chỉ; mức áp dụng là 832.000; số tiền tương ứng là 3.328.000 đồng.,70_7480103_KyThuatPhanMem.md; MucHocPhi_DaiHocChinhQuy_Khoa51_VeTruoc.md,True,all_required
CDICT034,Sinh viên KTPM chuẩn học “Cơ sở dữ liệu” (CT180) bao nhiêu tín chỉ? Nếu áp dụng mức thu trên mỗi tín chỉ của K52 trong 2026-2027 thì cần đóng bao nhiêu cho học phần này?,actual_tuition,"* **Cơ sở dữ liệu** (Mã số: CT180)
- Số tín chỉ: 3 (Bắt buộc)
<tr>
            <td>39</td>
            <td>7480103</td>
            <td>V</td>
            <td>748</td>
            <td>Kỹ thuật phần mềm</td>
            <td>DI</td>
            <td>150,3</td>
            <td>966.000</td>
        </tr>",Học phần có 3 tín chỉ; mức áp dụng là 966.000; số tiền tương ứng là 2.898.000 đồng.,70_7480103_KyThuatPhanMem.md; MucHocPhi_DaiHocChinhQuy_Khoa52.md,True,all_required
CDICT035,"Trong HTTT chuẩn, môn “Nhập môn trí tuệ nhân tạo” (CT190E) có mấy tín chỉ? Nếu tính học phí môn này theo đơn giá mỗi tín chỉ của K51 trong năm 2026-2027 thì tổng tiền là bao nhiêu?",actual_tuition,"* **Nhập môn trí tuệ nhân tạo** (Mã số: CT190E)
- Số tín chỉ: 2 (Bắt buộc)
<tr>
      <td>38</td>
      <td>7480104</td>
      <td>V</td>
      <td>748</td>
      <td>Hệ thống thông tin</td>
      <td>DI</td>
      <td>832.000</td>
    </tr>",Học phần có 2 tín chỉ; mức áp dụng là 832.000; số tiền tương ứng là 1.664.000 đồng.,68_7480104_HeThongThongTin.md; MucHocPhi_DaiHocChinhQuy_Khoa51_VeTruoc.md,True,all_required
CDICT036,Môn “Cấu trúc dữ liệu” (CT177) thuộc HTTT chuẩn gồm bao nhiêu tín chỉ; lấy mức học phí/tín chỉ của K52 năm 2026-2027 để tính thì học phần này hết bao nhiêu?,actual_tuition,"* **Cấu trúc dữ liệu** (Mã số: CT177)
- Số tín chỉ: 3 (Bắt buộc)
<tr>
            <td>40</td>
            <td>7480104</td>
            <td>V</td>
            <td>748</td>
            <td>Hệ thống thông tin</td>
            <td>DI</td>
            <td>150,3</td>
            <td>966.000</td>
        </tr>",Học phần có 3 tín chỉ; mức áp dụng là 966.000; số tiền tương ứng là 2.898.000 đồng.,68_7480104_HeThongThongTin.md; MucHocPhi_DaiHocChinhQuy_Khoa52.md,True,all_required
CDICT037,"Cho biết số tín chỉ của “Toán cho khoa học máy tính” (CT101H) trong CNTT CLC. Với đơn giá học phí theo tín chỉ áp dụng cho K49 năm 2026-2027, số tiền cho môn đó là bao nhiêu?",actual_tuition,"* **Toán cho khoa học máy tính** (Mã số: CT101H)
- Số tín chỉ: 4 (Bắt buộc)
<tr>
            <td>1</td>
            <td>Công nghệ thông tin</td>
            <td>882</td>
            <td>914</td>
            <td>989</td>
            <td>1.064</td>
            <td>1.161</td>
            <td>1.254</td>
            <td>1.181</td>
            <td>1.308</td>
            <td>1.438</td>
        </tr>",Học phần có 4 tín chỉ; mức áp dụng là 1.254; số tiền tương ứng là 5.016.000 đồng.,67_7480201C_CongNgheThongTin_CTCLC.md; MucHocPhi_ChatLuongCao_TienTien.md,True,all_required
CDICT038,Sinh viên CNTT CLC học “Cấu trúc dữ liệu” (CT102H) bao nhiêu tín chỉ? Nếu áp dụng mức thu trên mỗi tín chỉ của K52 trong 2026-2027 thì cần đóng bao nhiêu cho học phần này?,actual_tuition,"* **Cấu trúc dữ liệu** (Mã số: CT102H)
- Số tín chỉ: 4 (Bắt buộc)
<tr>
            <td>1</td>
            <td>Công nghệ thông tin</td>
            <td>882</td>
            <td>914</td>
            <td>989</td>
            <td>1.064</td>
            <td>1.161</td>
            <td>1.254</td>
            <td>1.181</td>
            <td>1.308</td>
            <td>1.438</td>
        </tr>",Học phần có 4 tín chỉ; mức áp dụng là 1.438; số tiền tương ứng là 5.752.000 đồng.,67_7480201C_CongNgheThongTin_CTCLC.md; MucHocPhi_ChatLuongCao_TienTien.md,True,all_required
CDICT039,"Trong KTPM CLC, môn “Cấu trúc dữ liệu” (CT177H) có mấy tín chỉ? Nếu tính học phí môn này theo đơn giá mỗi tín chỉ của K51 trong năm 2026-2027 thì tổng tiền là bao nhiêu?",actual_tuition,"* **Cấu trúc dữ liệu** (Mã số: CT177H)
- Số tín chỉ: 3 (Bắt buộc)
<tr>
      <td>11</td>
      <td>Kỹ thuật phần mềm</td>
      <td></td>
      <td></td>
      <td></td>
      <td></td>
      <td>1.161</td>
      <td>1.142</td>
      <td>1.073</td>
      <td>1.308</td>
      <td>1.366</td>
    </tr>",Học phần có 3 tín chỉ; mức áp dụng là 1.308; số tiền tương ứng là 3.924.000 đồng.,71_7480103C_KyThuatPhanMem_CTCLC.md; MucHocPhi_ChatLuongCao_TienTien.md,True,all_required
CDICT040,Môn “Mạng máy tính” (CT106H) thuộc MMT&TTDL CLC gồm bao nhiêu tín chỉ; lấy mức học phí/tín chỉ của K52 năm 2026-2027 để tính thì học phần này hết bao nhiêu?,actual_tuition,"* **Mạng máy tính** (Mã số: CT106H)
- Số tín chỉ: 3 (Bắt buộc)
<tr>
      <td>14</td>
      <td>Mạng máy tính và truyền<br />thông dữ liệu</td>
      <td></td>
      <td></td>
      <td></td>
      <td></td>
      <td></td>
      <td></td>
      <td></td>
      <td>1.308</td>
      <td>1.366</td>
    </tr>",Học phần có 3 tín chỉ; mức áp dụng là 1.366; số tiền tương ứng là 4.098.000 đồng.,109_7480102C_MangMayTinhVaTruyenThongDuLieu_CTCLC.md; MucHocPhi_ChatLuongCao_TienTien.md,True,all_required
CDICT041,"So với bản chuẩn, chương trình CNTT CLC chênh bao nhiêu tín chỉ? Với K49, năm 2026-2027 mức học phí một tín chỉ của từng chương trình là bao nhiêu?",actual_tuition,"- Số lượng tín chỉ: **161 tín chỉ**
- Số lượng tín chỉ: 168 tín chỉ
<tr>
      <td>41</td>
      <td>7480201</td>
      <td>V</td>
      <td>748</td>
      <td>Công nghệ thông tin</td>
      <td>DI</td>
      <td>832.000</td>
    </tr>
<tr>
            <td>1</td>
            <td>Công nghệ thông tin</td>
            <td>882</td>
            <td>914</td>
            <td>989</td>
            <td>1.064</td>
            <td>1.161</td>
            <td>1.254</td>
            <td>1.181</td>
            <td>1.308</td>
            <td>1.438</td>
        </tr>","CTĐT chuẩn có 161 tín chỉ, CLC có 168 tín chỉ. Mức theo tín chỉ của K49: chuẩn 832.000 đồng/TC; CLC 1.254.000 đồng/TC.",66_7480201_CongNgheThongTin.md; 67_7480201C_CongNgheThongTin_CTCLC.md; MucHocPhi_ChatLuongCao_TienTien.md; MucHocPhi_DaiHocChinhQuy_Khoa51_VeTruoc.md,True,all_required
CDICT042,"Bản chuẩn và CLC của ngành CNTT khác nhau thế nào về tổng số tín chỉ? Riêng K50, mỗi bên tính bao nhiêu cho một tín chỉ trong năm học 2026-2027?",actual_tuition,"- Số lượng tín chỉ: **161 tín chỉ**
- Số lượng tín chỉ: 168 tín chỉ
<tr>
      <td>41</td>
      <td>7480201</td>
      <td>V</td>
      <td>748</td>
      <td>Công nghệ thông tin</td>
      <td>DI</td>
      <td>832.000</td>
    </tr>
<tr>
            <td>1</td>
            <td>Công nghệ thông tin</td>
            <td>882</td>
            <td>914</td>
            <td>989</td>
            <td>1.064</td>
            <td>1.161</td>
            <td>1.254</td>
            <td>1.181</td>
            <td>1.308</td>
            <td>1.438</td>
        </tr>","CTĐT chuẩn có 161 tín chỉ, CLC có 168 tín chỉ. Mức theo tín chỉ của K50: chuẩn 832.000 đồng/TC; CLC 1.181.000 đồng/TC.",66_7480201_CongNgheThongTin.md; 67_7480201C_CongNgheThongTin_CTCLC.md; MucHocPhi_ChatLuongCao_TienTien.md; MucHocPhi_DaiHocChinhQuy_Khoa51_VeTruoc.md,True,all_required
CDICT043,"Ngành CNTT: tổng tín chỉ giữa chương trình chuẩn và CLC lệch bao nhiêu, và ở K51 mức thu theo tín chỉ của hai chương trình trong 2026-2027 là bao nhiêu?",actual_tuition,"- Số lượng tín chỉ: **161 tín chỉ**
- Số lượng tín chỉ: 168 tín chỉ
<tr>
      <td>41</td>
      <td>7480201</td>
      <td>V</td>
      <td>748</td>
      <td>Công nghệ thông tin</td>
      <td>DI</td>
      <td>832.000</td>
    </tr>
<tr>
            <td>1</td>
            <td>Công nghệ thông tin</td>
            <td>882</td>
            <td>914</td>
            <td>989</td>
            <td>1.064</td>
            <td>1.161</td>
            <td>1.254</td>
            <td>1.181</td>
            <td>1.308</td>
            <td>1.438</td>
        </tr>","CTĐT chuẩn có 161 tín chỉ, CLC có 168 tín chỉ. Mức theo tín chỉ của K51: chuẩn 832.000 đồng/TC; CLC 1.308.000 đồng/TC.",66_7480201_CongNgheThongTin.md; 67_7480201C_CongNgheThongTin_CTCLC.md; MucHocPhi_ChatLuongCao_TienTien.md; MucHocPhi_DaiHocChinhQuy_Khoa51_VeTruoc.md,True,all_required
CDICT044,"So với bản chuẩn, chương trình CNTT CLC chênh bao nhiêu tín chỉ? Với K52, năm 2026-2027 mức học phí một tín chỉ của từng chương trình là bao nhiêu?",actual_tuition,"- Số lượng tín chỉ: **161 tín chỉ**
- Số lượng tín chỉ: 168 tín chỉ
<tr>
            <td>43</td>
            <td>7480201</td>
            <td>V</td>
            <td>748</td>
            <td>Công nghệ thông tin</td>
            <td>DI</td>
            <td>150,3</td>
            <td>966.000</td>
        </tr>
<tr>
            <td>1</td>
            <td>Công nghệ thông tin</td>
            <td>882</td>
            <td>914</td>
            <td>989</td>
            <td>1.064</td>
            <td>1.161</td>
            <td>1.254</td>
            <td>1.181</td>
            <td>1.308</td>
            <td>1.438</td>
        </tr>","CTĐT chuẩn có 161 tín chỉ, CLC có 168 tín chỉ. Mức theo tín chỉ của K52: chuẩn 966.000 đồng/TC; CLC 1.438.000 đồng/TC.",66_7480201_CongNgheThongTin.md; 67_7480201C_CongNgheThongTin_CTCLC.md; MucHocPhi_ChatLuongCao_TienTien.md; MucHocPhi_DaiHocChinhQuy_Khoa52.md,True,all_required
CDICT045,"Bản chuẩn và CLC của ngành KTPM khác nhau thế nào về tổng số tín chỉ? Riêng K51, mỗi bên tính bao nhiêu cho một tín chỉ trong năm học 2026-2027?",actual_tuition,"- Số lượng tín chỉ: 161 tín chỉ
- Số lượng tín chỉ: 168 tín chỉ
<tr>
      <td>37</td>
      <td>7480103</td>
      <td>V</td>
      <td>748</td>
      <td>Kỹ thuật phần mềm</td>
      <td>DI</td>
      <td>832.000</td>
    </tr>
<tr>
      <td>11</td>
      <td>Kỹ thuật phần mềm</td>
      <td></td>
      <td></td>
      <td></td>
      <td></td>
      <td>1.161</td>
      <td>1.142</td>
      <td>1.073</td>
      <td>1.308</td>
      <td>1.366</td>
    </tr>","CTĐT chuẩn có 161 tín chỉ, CLC có 168 tín chỉ. Mức theo tín chỉ của K51: chuẩn 832.000 đồng/TC; CLC 1.308.000 đồng/TC.",70_7480103_KyThuatPhanMem.md; 71_7480103C_KyThuatPhanMem_CTCLC.md; MucHocPhi_ChatLuongCao_TienTien.md; MucHocPhi_DaiHocChinhQuy_Khoa51_VeTruoc.md,True,all_required
CDICT046,"Ngành KTPM: tổng tín chỉ giữa chương trình chuẩn và CLC lệch bao nhiêu, và ở K52 mức thu theo tín chỉ của hai chương trình trong 2026-2027 là bao nhiêu?",actual_tuition,"- Số lượng tín chỉ: 161 tín chỉ
- Số lượng tín chỉ: 168 tín chỉ
<tr>
            <td>39</td>
            <td>7480103</td>
            <td>V</td>
            <td>748</td>
            <td>Kỹ thuật phần mềm</td>
            <td>DI</td>
            <td>150,3</td>
            <td>966.000</td>
        </tr>
<tr>
      <td>11</td>
      <td>Kỹ thuật phần mềm</td>
      <td></td>
      <td></td>
      <td></td>
      <td></td>
      <td>1.161</td>
      <td>1.142</td>
      <td>1.073</td>
      <td>1.308</td>
      <td>1.366</td>
    </tr>","CTĐT chuẩn có 161 tín chỉ, CLC có 168 tín chỉ. Mức theo tín chỉ của K52: chuẩn 966.000 đồng/TC; CLC 1.366.000 đồng/TC.",70_7480103_KyThuatPhanMem.md; 71_7480103C_KyThuatPhanMem_CTCLC.md; MucHocPhi_ChatLuongCao_TienTien.md; MucHocPhi_DaiHocChinhQuy_Khoa52.md,True,all_required
CDICT047,"Khoa học máy tính chuẩn có thời gian đào tạo thiết kế bao nhiêu năm? Từ mốc đó, quy định học vụ cho phép sinh viên tối đa bao lâu để hoàn thành chương trình?",academic_rules,"- Thời gian đào tạo: 4,5 năm
| 4,5 năm                     | 9 năm                                          |","Thời gian đào tạo là 4,5 năm; thời gian tối đa để hoàn thành CTĐT tương ứng là 9 năm.",73_7480101_KhoaHocMayTinh.md; quychehocvu.md,True,all_required
CDICT048,"Chương trình Trí tuệ nhân tạo chuẩn học theo thiết kế trong mấy năm, và thời hạn hoàn thành tối đa tương ứng theo quy định công tác học vụ là bao nhiêu?",academic_rules,"- Thời gian đào tạo: 4,5 năm
| 4,5 năm                     | 9 năm                                          |","Thời gian đào tạo là 4,5 năm; thời gian tối đa để hoàn thành CTĐT tương ứng là 9 năm.",108_7480107_TriTueNhanTao.md; quychehocvu.md,True,all_required
CDICT049,"Với An toàn thông tin chuẩn, thời gian đào tạo chuẩn là bao lâu? Nếu áp dụng quy định về thời gian học tối đa cho CTĐT có cùng thời gian thiết kế thì giới hạn là bao nhiêu?",academic_rules,"- Thời gian đào tạo: 4,5 năm
| 4,5 năm                     | 9 năm                                          |","Thời gian đào tạo là 4,5 năm; thời gian tối đa để hoàn thành CTĐT tương ứng là 9 năm.",64_7480202_AnToanThongTin.md; quychehocvu.md,True,all_required
CDICT050,Sinh viên CNTT CLC dự kiến học bao nhiêu năm theo chương trình; trường hợp kéo dài thì quy định cho phép tối đa đến bao lâu để tốt nghiệp?,academic_rules,"- Thời gian đào tạo: 4.5 năm
| 4,5 năm                     | 9 năm                                          |",Thời gian đào tạo là 4.5 năm; thời gian tối đa để hoàn thành CTĐT tương ứng là 9 năm.,67_7480201C_CongNgheThongTin_CTCLC.md; quychehocvu.md,True,all_required
